uuid,device_ref,instance,object_type,description,jci_name,name,unit
urn:uuid:56a4ba3d-c05a-4a84-b4bb-d2527a9033b6,642,3000036,analogInput,Zone Temperature,EBU1.3RD-FLR.RM-3702.VAV-3702-1.ZN-T,NAE-142/FC-1.AH15-SAV-004.ZN-T,degreesFahrenheit
urn:uuid:953c400d-03d5-4b31-a7ec-8792f036f541,642,3000054,analogInput,Zone Temperature,EBU1.3RD-FLR.RM-3704.VAV-3704-1.ZN-T,NAE-142/FC-1.AH15-FEC-005.ZN-T,degreesFahrenheit
urn:uuid:38fc775d-ec9c-4db4-90f4-f430df865374,642,3000061,analogInput,Supply Air Flow,EBU1.3RD-FLR.RM-3704.VAV-3704-1.SA-FLOW,NAE-142/FC-1.AH15-FEC-005.SA-FLOW,cubicFeetPerMinute
urn:uuid:d147a72a-da86-47c6-b124-48f02fad1c8e,642,3000062,analogInput,Exhaust Air Flow,EBU1.3RD-FLR.RM-3704.VAV-3704-1.EA-FLOW,NAE-142/FC-1.AH15-FEC-005.EA-FLOW,cubicFeetPerMinute
urn:uuid:549caee7-33b3-499d-9b71-8a66bb3e859d,642,3000070,analogInput,Zone Temperature,EBU1.3RD-FLR.RM-3507.VAV-3507-1.ZN-T,NAE-142/FC-1.AH15-SAV-006.ZN-T,degreesFahrenheit
urn:uuid:2a722230-bb2a-4439-bb36-250aa7d00b43,642,3000088,analogInput,Zone Temperature,EBU1.3RD-FLR.RM-3706.VAV-3706-1.ZN-T,NAE-142/FC-1.AH15-SAV-007.ZN-T,degreesFahrenheit
urn:uuid:cb0b6c7d-7509-4fe8-93c0-b0ad79e19a7e,642,3000109,analogInput,Zone Temperature,EBU1.3RD-FLR.RM-3509.VAV-3509-1.ZN-T,NAE-142/FC-1.AH15-SAV-009.ZN-T,degreesFahrenheit
urn:uuid:30a1d26a-fc30-4502-ad12-8da620592a4b,642,3000148,analogInput,Zone Temperature,EBU1.3RD-FLR.RM-3710.VAV-3710-1.ZN-T,NAE-142/FC-1.AH15-FEC-012.ZN-T,degreesFahrenheit
urn:uuid:9f79a841-f858-44f8-99e3-25dae8be9c40,642,3000155,analogInput,Supply Air Flow,EBU1.3RD-FLR.RM-3710.VAV-3710-1.SA-FLOW,NAE-142/FC-1.AH15-FEC-012.SA-FLOW,cubicFeetPerMinute
urn:uuid:a9b0ed57-5355-479b-a460-6c74f5678710,642,3000156,analogInput,Exhaust Air Flow,EBU1.3RD-FLR.RM-3710.VAV-3710-1.EA-FLOW,NAE-142/FC-1.AH15-FEC-012.EA-FLOW,cubicFeetPerMinute
urn:uuid:3bc2133e-ba6a-4203-84de-838c73486608,642,3000182,analogInput,Zone Temperature,EBU1.3RD-FLR.RM-3513.VAV-3513-1.ZN-T,NAE-142/FC-1.AH15-SAV-014.ZN-T,degreesFahrenheit
urn:uuid:4865b9ec-d4a3-4df8-b9aa-d0df937e9583,642,3000206,analogInput,Zone Temperature / EMS,EBU1.3RD-FLR.RM-3705.VAV-3705-1.ZN-T,NAE-142/FC-2.AH15-SAV-006.ZN-T,degreesFahrenheit
urn:uuid:953e1c44-aa61-41df-a317-b4157c1f06a8,642,3000224,analogInput,Zone Temperature,EBU1.3RD-FLR.RM-3703.VAV-3703-1.ZN-T,NAE-142/FC-2.AH15-FEC-007.ZN-T,degreesFahrenheit
urn:uuid:266248b8-c748-4888-9085-2837eaea6e3a,642,3000231,analogInput,Supply Air Flow,EBU1.3RD-FLR.RM-3703.VAV-3703-1.SA-FLOW,NAE-142/FC-2.AH15-FEC-007.SA-FLOW,cubicFeetPerMinute
urn:uuid:4c9e8bf8-2bf1-4a62-a59a-5cff52bea02c,642,3000232,analogInput,Exhaust Air Flow,EBU1.3RD-FLR.RM-3703.VAV-3703-1.EA-FLOW,NAE-142/FC-2.AH15-FEC-007.EA-FLOW,cubicFeetPerMinute
urn:uuid:543f0e1f-eca0-4809-90d3-41c9a53bee62,642,3000243,analogInput,Zone Temperature,EBU1.3RD-FLR.RM-3902.VAV-3902-1.1.ZN-T,NAE-142/FC-2.AH15-SAV-009.ZN-T,degreesFahrenheit
urn:uuid:19cac32e-0528-4509-8b19-45c15912e4ce,642,3000469,analogInput,Supply Air Temperature,EBU1.3RD-FLR.RM-3810.VAV-HV15.SA-T,NAE-142/FC-2.HV15-TEC-004.SA-T,degreesFahrenheit
urn:uuid:82bcd7e7-e157-4fe2-89bb-7e87373868dc,642,3000487,analogInput,Supply Air Temperature,EBU1.3RD-FLR.RM-3603.VAV-HV14.SA-T,NAE-142/FC-2.HV14-TEC-005.SA-T,degreesFahrenheit
urn:uuid:de96f205-0d41-49e0-943a-466f92e7b3ad,642,3000042,analogOutput,Heating Valve Command,EBU1.3RD-FLR.RM-3702.VAV-3702-1.HTGVLV-CMD,NAE-142/FC-1.AH15-SAV-004.HTGVLV-CMD,noUnits
urn:uuid:82829611-a973-4503-8ddc-abe28b9e6e34,642,3000060,analogOutput,Heating Valve Command,EBU1.3RD-FLR.RM-3704.VAV-3704-1.HTGVLV-CMD,NAE-142/FC-1.AH15-FEC-005.HTGVLV-CMD,percent
urn:uuid:d722847a-f012-447d-9347-6d1689437127,642,3000076,analogOutput,Heating Valve Command,EBU1.3RD-FLR.RM-3507.VAV-3507-1.HTGVLV-CMD,NAE-142/FC-1.AH15-SAV-006.HTGVLV-CMD,noUnits
urn:uuid:80818387-e02f-46fa-88f1-1afbcd8daeb1,642,3000094,analogOutput,Heating Valve Command,EBU1.3RD-FLR.RM-3706.VAV-3706-1.HTGVLV-CMD,NAE-142/FC-1.AH15-SAV-007.HTGVLV-CMD,noUnits
urn:uuid:cdcf87c2-5ea8-45cd-a80d-18cfa80a76bc,642,3000115,analogOutput,Heating Valve Command,EBU1.3RD-FLR.RM-3509.VAV-3509-1.HTGVLV-CMD,NAE-142/FC-1.AH15-SAV-009.HTGVLV-CMD,noUnits
urn:uuid:20fd5fb2-4b3a-4c08-aa57-c7d4071feacf,642,3000154,analogOutput,Heating Valve Command,EBU1.3RD-FLR.RM-3710.VAV-3710-1.HTGVLV-CMD,NAE-142/FC-1.AH15-FEC-012.HTGVLV-CMD,percent
urn:uuid:c90cf2cf-2efc-49a7-ad30-0160b4a8b534,642,3000188,analogOutput,Heating Valve Command,EBU1.3RD-FLR.RM-3513.VAV-3513-1.HTGVLV-CMD,NAE-142/FC-1.AH15-SAV-014.HTGVLV-CMD,noUnits
urn:uuid:992402ae-31ba-428b-bb79-903db5c37e7f,642,3000212,analogOutput,Heating Valve Command,EBU1.3RD-FLR.RM-3705.VAV-3705-1.HTGVLV-CMD,NAE-142/FC-2.AH15-SAV-006.HTGVLV-CMD,noUnits
urn:uuid:26b139a8-785c-47f0-8949-e4bb3211225f,642,3000230,analogOutput,Heating Valve Command,EBU1.3RD-FLR.RM-3703.VAV-3703-1.HTGVLV-CMD,NAE-142/FC-2.AH15-FEC-007.HTGVLV-CMD,percent
urn:uuid:d4239ff8-e16a-46e6-8d4e-b129f14aebdc,642,3000249,analogOutput,Heating Valve Command,EBU1.3RD-FLR.RM-3902.VAV-3902-1.1.HTGVLV-CMD,NAE-142/FC-2.AH15-SAV-009.HTGVLV-CMD,noUnits
urn:uuid:e21753e2-b97c-4487-bce9-366b36150ec2,642,3000037,analogValue,Warmer/Cooler Adjust,EBU1.3RD-FLR.RM-3702.VAV-3702-1.WC-ADJ,NAE-142/FC-1.AH15-SAV-004.WC-ADJ,degreesFahrenheit
urn:uuid:b284d87d-6ea6-4678-9825-c29f468f06e2,642,3000038,analogValue,Actual Cooling Setpoint,EBU1.3RD-FLR.RM-3702.VAV-3702-1.ACTCLG-STPT,NAE-142/FC-1.AH15-SAV-004.ACTCLG-STPT,degreesFahrenheit
urn:uuid:56d62699-79b8-4395-aded-a6a34df7e03f,642,3000039,analogValue,Actual Heating Setpoint,EBU1.3RD-FLR.RM-3702.VAV-3702-1.ACTHTG-STPT,NAE-142/FC-1.AH15-SAV-004.ACTHTG-STPT,degreesFahrenheit
urn:uuid:20959b02-c843-4541-ae2c-c68ec3718dbe,642,3000040,analogValue,Occupied Temperature Setpoint,EBU1.3RD-FLR.RM-3702.VAV-3702-1.OCCTEMP-STPT,NAE-142/FC-1.AH15-SAV-004.OCCTEMP-STPT,noUnits
urn:uuid:cd2e2744-d4cd-4b42-9116-7c79dd901b53,642,3000041,analogValue,Occupied Temperature Deadband,EBU1.3RD-FLR.RM-3702.VAV-3702-1.OCCTEMP-DB,NAE-142/FC-1.AH15-SAV-004.OCCTEMP-DB,degreesFahrenheit
urn:uuid:cf5cfe63-e5f4-40ad-be02-8590c5353f01,642,3000043,analogValue,Cooling Demand,EBU1.3RD-FLR.RM-3702.VAV-3702-1.CLG-DMD,NAE-142/FC-1.AH15-SAV-004.CLG-DMD,noUnits
urn:uuid:8b4a5e9f-262d-4535-90e5-eef25b56916f,642,3000046,analogValue,Supply Flow Command,EBU1.3RD-FLR.RM-3702.VAV-3702-1.SUPFLOW-COMMAND,NAE-142/FC-1.AH15-SAV-004.SUPFLOW-COMMAND,noUnits
urn:uuid:5ae048f6-864f-43d8-9b11-77c633da3424,642,3000047,analogValue,Supply Flow Feedback,EBU1.3RD-FLR.RM-3702.VAV-3702-1.SUPFLOW-FEEDBACK,NAE-142/FC-1.AH15-SAV-004.SUPFLOW-FEEDBACK,noUnits
urn:uuid:465fdea2-6781-4ee6-bc1f-d108c1c0e9ee,642,3000048,analogValue,Exhaust Flow Command,EBU1.3RD-FLR.RM-3702.VAV-3702-1.EXHFLOW-COMMAND,NAE-142/FC-1.AH15-SAV-004.EXHFLOW-COMMAND,noUnits
urn:uuid:edeb0eb5-04bd-479d-8e82-f5c011133577,642,3000049,analogValue,Exhaust Flow Feedback,EBU1.3RD-FLR.RM-3702.VAV-3702-1.EXHFLOW-FEEDBACK,NAE-142/FC-1.AH15-SAV-004.EXHFLOW-FEEDBACK,noUnits
urn:uuid:0e09209e-9069-4d7c-8797-dd9eb177d540,642,3000050,analogValue,Unoccupied Cooling Setpoint,EBU1.3RD-FLR.RM-3702.VAV-3702-1.UNOCCCLG-STPT,NAE-142/FC-1.AH15-SAV-004.UNOCCCLG-STPT,degreesFahrenheit
urn:uuid:09528fa3-0194-4470-bf8b-aefd221d81f4,642,3000051,analogValue,Unoccupied Heating Setpoint,EBU1.3RD-FLR.RM-3702.VAV-3702-1.UNOCCHTG-STPT,NAE-142/FC-1.AH15-SAV-004.UNOCCHTG-STPT,degreesFahrenheit
urn:uuid:087a1947-4363-4cb4-9b10-7be74bbb25f1,642,3000052,analogValue,Constant Air Volume Supply Flow,EBU1.3RD-FLR.RM-3702.VAV-3702-1.CAVS-FLOW,NAE-142/FC-1.AH15-SAV-004.CAVS-FLOW,noUnits
urn:uuid:f7e70c0c-8fba-4976-a0a0-5ce1ea1d8cad,642,3000053,analogValue,Constant Air Volume Exhaust Flow,EBU1.3RD-FLR.RM-3702.VAV-3702-1.CAVEX-FLOW,NAE-142/FC-1.AH15-SAV-004.CAVEX-FLOW,noUnits
urn:uuid:6f4194ac-3133-4bc1-93e1-ed596120c001,642,3000055,analogValue,Warmer/Cooler Adjust,EBU1.3RD-FLR.RM-3704.VAV-3704-1.WC-ADJ,NAE-142/FC-1.AH15-FEC-005.WC-ADJ,degreesFahrenheit
urn:uuid:316078f3-ca35-48fa-806f-ce80c9b49699,642,3000056,analogValue,Common Setpoint,EBU1.3RD-FLR.RM-3704.VAV-3704-1.COM-STPT,NAE-142/FC-1.AH15-FEC-005.COM-STPT,degreesFahrenheit
urn:uuid:0949c7f9-c825-4eaf-976e-b46199219204,642,3000057,analogValue,Actual Cooling Setpoint,EBU1.3RD-FLR.RM-3704.VAV-3704-1.ACTCLG-STPT,NAE-142/FC-1.AH15-FEC-005.ACTCLG-STPT,degreesFahrenheit
urn:uuid:c89fb9c3-5cfd-4cb4-a166-a4ce907a8d6f,642,3000058,analogValue,Actual Heating Setpoint,EBU1.3RD-FLR.RM-3704.VAV-3704-1.ACTHTG-STPT,NAE-142/FC-1.AH15-FEC-005.ACTHTG-STPT,degreesFahrenheit
urn:uuid:0a0303dd-0d46-481a-8d7a-c4fa4422f20e,642,3000059,analogValue,Cooling Command,EBU1.3RD-FLR.RM-3704.VAV-3704-1.CLG-CMD,NAE-142/FC-1.AH15-FEC-005.CLG-CMD,percent
urn:uuid:ff8f22f7-caa9-4fd5-9e64-583365ac5144,642,3000063,analogValue,Supply Air Flow Setpoint,EBU1.3RD-FLR.RM-3704.VAV-3704-1.SAFLOW-STPT,NAE-142/FC-1.AH15-FEC-005.SAFLOW-STPT,cubicFeetPerMinute
urn:uuid:1a6c7b61-b719-43f3-b15d-2e0d28f13a0d,642,3000071,analogValue,Warmer/Cooler Adjust,EBU1.3RD-FLR.RM-3507.VAV-3507-1.WC-ADJ,NAE-142/FC-1.AH15-SAV-006.WC-ADJ,degreesFahrenheit
urn:uuid:a825878a-f9ed-463a-88d6-44d57d01d65e,642,3000072,analogValue,Actual Cooling Setpoint,EBU1.3RD-FLR.RM-3507.VAV-3507-1.ACTCLG-STPT,NAE-142/FC-1.AH15-SAV-006.ACTCLG-STPT,degreesFahrenheit
urn:uuid:b8a017a7-d191-48f4-abcf-287be28f9127,642,3000073,analogValue,Actual Heating Setpoint,EBU1.3RD-FLR.RM-3507.VAV-3507-1.ACTHTG-STPT,NAE-142/FC-1.AH15-SAV-006.ACTHTG-STPT,degreesFahrenheit
urn:uuid:16571cc0-f7d8-46a8-b9b2-9cc5c19be5ba,642,3000074,analogValue,Occupied Temperature Setpoint,EBU1.3RD-FLR.RM-3507.VAV-3507-1.OCCTEMP-STPT,NAE-142/FC-1.AH15-SAV-006.OCCTEMP-STPT,noUnits
urn:uuid:e36e065e-4dac-4e6b-8f34-1eea0d04f306,642,3000075,analogValue,Occupied Temperature Deadband,EBU1.3RD-FLR.RM-3507.VAV-3507-1.OCCTEMP-DB,NAE-142/FC-1.AH15-SAV-006.OCCTEMP-DB,degreesFahrenheit
urn:uuid:219404b3-c59a-455b-b47a-41d41cfaca76,642,3000077,analogValue,Cooling Demand,EBU1.3RD-FLR.RM-3507.VAV-3507-1.CLG-DMD,NAE-142/FC-1.AH15-SAV-006.CLG-DMD,noUnits
urn:uuid:15f8fb7c-34de-496b-aa2f-75e8a1364cbd,642,3000080,analogValue,Supply Flow Command,EBU1.3RD-FLR.RM-3507.VAV-3507-1.SUPFLOW-COMMAND,NAE-142/FC-1.AH15-SAV-006.SUPFLOW-COMMAND,noUnits
urn:uuid:48c1903c-c0e9-4958-b20e-89c376753dbc,642,3000081,analogValue,Supply Flow Feedback,EBU1.3RD-FLR.RM-3507.VAV-3507-1.SUPFLOW-FEEDBACK,NAE-142/FC-1.AH15-SAV-006.SUPFLOW-FEEDBACK,noUnits
urn:uuid:47801118-f6c1-443e-bf18-4594fa74a5d9,642,3000082,analogValue,Exhaust Flow Command,EBU1.3RD-FLR.RM-3507.VAV-3507-1.EXHFLOW-COMMAND,NAE-142/FC-1.AH15-SAV-006.EXHFLOW-COMMAND,noUnits
urn:uuid:9d7e0b57-9418-41e8-81e1-09cee19a7018,642,3000083,analogValue,Exhaust Flow Feedback,EBU1.3RD-FLR.RM-3507.VAV-3507-1.EXHFLOW-FEEDBACK,NAE-142/FC-1.AH15-SAV-006.EXHFLOW-FEEDBACK,noUnits
urn:uuid:f7ea6e11-0c02-446d-b50b-58348c05e603,642,3000084,analogValue,Unoccupied Cooling Setpoint,EBU1.3RD-FLR.RM-3507.VAV-3507-1.UNOCCCLG-STPT,NAE-142/FC-1.AH15-SAV-006.UNOCCCLG-STPT,degreesFahrenheit
urn:uuid:d920fd20-cc59-4a04-8f9a-899408a5909f,642,3000085,analogValue,Unoccupied Heating Setpoint,EBU1.3RD-FLR.RM-3507.VAV-3507-1.UNOCCHTG-STPT,NAE-142/FC-1.AH15-SAV-006.UNOCCHTG-STPT,degreesFahrenheit
urn:uuid:3b0d5f66-cc45-4eb8-be34-530fa621394b,642,3000086,analogValue,Constant Air Volume Supply Flow,EBU1.3RD-FLR.RM-3507.VAV-3507-1.CAVS-FLOW,NAE-142/FC-1.AH15-SAV-006.CAVS-FLOW,noUnits
urn:uuid:b3242ab6-65d3-4a6a-a9aa-90611667e4f5,642,3000087,analogValue,Constant Air Volume Exhaust Flow,EBU1.3RD-FLR.RM-3507.VAV-3507-1.CAVEX-FLOW,NAE-142/FC-1.AH15-SAV-006.CAVEX-FLOW,noUnits
urn:uuid:57998a4f-13ea-4680-9132-65cac6c12823,642,3000089,analogValue,Warmer/Cooler Adjust,EBU1.3RD-FLR.RM-3706.VAV-3706-1.WC-ADJ,NAE-142/FC-1.AH15-SAV-007.WC-ADJ,degreesFahrenheit
urn:uuid:115add42-3c50-4c61-8e2e-29f46346c303,642,3000090,analogValue,Actual Cooling Setpoint,EBU1.3RD-FLR.RM-3706.VAV-3706-1.ACTCLG-STPT,NAE-142/FC-1.AH15-SAV-007.ACTCLG-STPT,degreesFahrenheit
urn:uuid:6e3d6902-882e-41cf-87a7-b0ff32317c8f,642,3000091,analogValue,Actual Heating Setpoint,EBU1.3RD-FLR.RM-3706.VAV-3706-1.ACTHTG-STPT,NAE-142/FC-1.AH15-SAV-007.ACTHTG-STPT,degreesFahrenheit
urn:uuid:c4dce8e3-d3cb-4edf-ab65-1c06ed91c13b,642,3000092,analogValue,Occupied Temperature Setpoint,EBU1.3RD-FLR.RM-3706.VAV-3706-1.OCCTEMP-STPT,NAE-142/FC-1.AH15-SAV-007.OCCTEMP-STPT,noUnits
urn:uuid:2574c102-0430-4002-aae2-0e62f765443b,642,3000093,analogValue,Occupied Temperature Deadband,EBU1.3RD-FLR.RM-3706.VAV-3706-1.OCCTEMP-DB,NAE-142/FC-1.AH15-SAV-007.OCCTEMP-DB,degreesFahrenheit
urn:uuid:9ea01ee7-34e7-4582-9daf-cb00055adb20,642,3000095,analogValue,Cooling Demand,EBU1.3RD-FLR.RM-3706.VAV-3706-1.CLG-DMD,NAE-142/FC-1.AH15-SAV-007.CLG-DMD,noUnits
urn:uuid:c723ba94-2f7d-4a69-a7af-ecc64dd3321c,642,3000098,analogValue,Supply Flow Command,EBU1.3RD-FLR.RM-3706.VAV-3706-1.SUPFLOW-COMMAND,NAE-142/FC-1.AH15-SAV-007.SUPFLOW-COMMAND,noUnits
urn:uuid:1a0374dc-6072-4051-a2db-dc76812bba26,642,3000099,analogValue,Supply Flow Feedback,EBU1.3RD-FLR.RM-3706.VAV-3706-1.SUPFLOW-FEEDBACK,NAE-142/FC-1.AH15-SAV-007.SUPFLOW-FEEDBACK,noUnits
urn:uuid:c0b3741d-2a89-4b27-8c41-1d9bd913f0ca,642,3000100,analogValue,Exhaust Flow Command,EBU1.3RD-FLR.RM-3706.VAV-3706-1.EXHFLOW-COMMAND,NAE-142/FC-1.AH15-SAV-007.EXHFLOW-COMMAND,noUnits
urn:uuid:305bce81-f33f-4392-b0ae-67baa6417f36,642,3000101,analogValue,Exhaust Flow Feedback,EBU1.3RD-FLR.RM-3706.VAV-3706-1.EXHFLOW-FEEDBACK,NAE-142/FC-1.AH15-SAV-007.EXHFLOW-FEEDBACK,noUnits
urn:uuid:b87c27c6-8a40-42e5-8f91-a4dfdaff1cb6,642,3000102,analogValue,Unoccupied Cooling Setpoint,EBU1.3RD-FLR.RM-3706.VAV-3706-1.UNOCCCLG-STPT,NAE-142/FC-1.AH15-SAV-007.UNOCCCLG-STPT,degreesFahrenheit
urn:uuid:af455ada-14e8-4e99-89c3-3557f3aac696,642,3000103,analogValue,Unoccupied Heating Setpoint,EBU1.3RD-FLR.RM-3706.VAV-3706-1.UNOCCHTG-STPT,NAE-142/FC-1.AH15-SAV-007.UNOCCHTG-STPT,degreesFahrenheit
urn:uuid:33caea45-ad36-4cbe-b11d-3ca9851b29de,642,3000104,analogValue,Constant Air Volume Supply Flow,EBU1.3RD-FLR.RM-3706.VAV-3706-1.CAVS-FLOW,NAE-142/FC-1.AH15-SAV-007.CAVS-FLOW,noUnits
urn:uuid:a3348d60-fee8-41b8-856d-b1032a033013,642,3000105,analogValue,Constant Air Volume Exhaust Flow,EBU1.3RD-FLR.RM-3706.VAV-3706-1.CAVEX-FLOW,NAE-142/FC-1.AH15-SAV-007.CAVEX-FLOW,noUnits
urn:uuid:a2cb30de-98b0-476a-b428-cba3eb3cd446,642,3000106,analogValue,Exhaust Flow Command,EBU1.3RD-FLR.RM-3706.VAV-3706-1EX.EXHFLOW-COMMAND,NAE-142/FC-1.EF5-EAV-008.EXHFLOW-COMMAND,noUnits
urn:uuid:32a33c4b-c24d-4065-aa62-4aafcbb05a80,642,3000107,analogValue,Exhaust Flow Feedback,EBU1.3RD-FLR.RM-3706.VAV-3706-1EX.EXHFLOW-FEEDBACK,NAE-142/FC-1.EF5-EAV-008.EXHFLOW-FEEDBACK,noUnits
urn:uuid:d8e8e078-68f2-44ca-a0b5-31fe9ec9e834,642,3000108,analogValue,Constant Air Volume Exhaust Flow,EBU1.3RD-FLR.RM-3706.VAV-3706-1EX.CAVEX-FLOW,NAE-142/FC-1.EF5-EAV-008.CAVEX-FLOW,noUnits
urn:uuid:c1513762-bd67-4396-81e0-dd9c017c3476,642,3000110,analogValue,Warmer/Cooler Adjust,EBU1.3RD-FLR.RM-3509.VAV-3509-1.WC-ADJ,NAE-142/FC-1.AH15-SAV-009.WC-ADJ,degreesFahrenheit
urn:uuid:465b0e7c-8fb2-4826-a60e-54702b1e03b6,642,3000111,analogValue,Actual Cooling Setpoint,EBU1.3RD-FLR.RM-3509.VAV-3509-1.ACTCLG-STPT,NAE-142/FC-1.AH15-SAV-009.ACTCLG-STPT,degreesFahrenheit
urn:uuid:39c1a5ed-b981-45fe-b15b-44cabded9203,642,3000112,analogValue,Actual Heating Setpoint,EBU1.3RD-FLR.RM-3509.VAV-3509-1.ACTHTG-STPT,NAE-142/FC-1.AH15-SAV-009.ACTHTG-STPT,degreesFahrenheit
urn:uuid:18057520-d560-4049-836d-f7168c84be1f,642,3000113,analogValue,Occupied Temperature Setpoint,EBU1.3RD-FLR.RM-3509.VAV-3509-1.OCCTEMP-STPT,NAE-142/FC-1.AH15-SAV-009.OCCTEMP-STPT,noUnits
urn:uuid:24eb6ee8-8cc8-4ecc-835b-8f652ac27269,642,3000114,analogValue,Occupied Temperature Deadband,EBU1.3RD-FLR.RM-3509.VAV-3509-1.OCCTEMP-DB,NAE-142/FC-1.AH15-SAV-009.OCCTEMP-DB,degreesFahrenheit
urn:uuid:1b2dfdc5-18e5-48f4-859b-30514f23dced,642,3000116,analogValue,Cooling Demand,EBU1.3RD-FLR.RM-3509.VAV-3509-1.CLG-DMD,NAE-142/FC-1.AH15-SAV-009.CLG-DMD,noUnits
urn:uuid:ff978d9e-a970-4a92-971b-80a5b670d5bd,642,3000119,analogValue,Supply Flow Command,EBU1.3RD-FLR.RM-3509.VAV-3509-1.SUPFLOW-COMMAND,NAE-142/FC-1.AH15-SAV-009.SUPFLOW-COMMAND,noUnits
urn:uuid:f77025ef-62b6-449f-817a-dde6c430e4de,642,3000120,analogValue,Supply Flow Feedback,EBU1.3RD-FLR.RM-3509.VAV-3509-1.SUPFLOW-FEEDBACK,NAE-142/FC-1.AH15-SAV-009.SUPFLOW-FEEDBACK,noUnits
urn:uuid:a0991644-0d27-4db1-83b5-753f702fa93b,642,3000121,analogValue,Exhaust Flow Command,EBU1.3RD-FLR.RM-3509.VAV-3509-1.EXHFLOW-COMMAND,NAE-142/FC-1.AH15-SAV-009.EXHFLOW-COMMAND,noUnits
urn:uuid:edc3d3fe-a238-47a1-bce3-6d3703e6b702,642,3000122,analogValue,Exhaust Flow Feedback,EBU1.3RD-FLR.RM-3509.VAV-3509-1.EXHFLOW-FEEDBACK,NAE-142/FC-1.AH15-SAV-009.EXHFLOW-FEEDBACK,noUnits
urn:uuid:e099ecba-a61b-4b21-827c-4eb14c0c9647,642,3000123,analogValue,Unoccupied Cooling Setpoint,EBU1.3RD-FLR.RM-3509.VAV-3509-1.UNOCCCLG-STPT,NAE-142/FC-1.AH15-SAV-009.UNOCCCLG-STPT,degreesFahrenheit
urn:uuid:077c1150-6f2c-4d6f-95d7-fa2b938c778c,642,3000124,analogValue,Unoccupied Heating Setpoint,EBU1.3RD-FLR.RM-3509.VAV-3509-1.UNOCCHTG-STPT,NAE-142/FC-1.AH15-SAV-009.UNOCCHTG-STPT,degreesFahrenheit
urn:uuid:8eae2bdb-e598-4580-aea9-0c215a07642d,642,3000125,analogValue,Constant Air Volume Supply Flow,EBU1.3RD-FLR.RM-3509.VAV-3509-1.CAVS-FLOW,NAE-142/FC-1.AH15-SAV-009.CAVS-FLOW,noUnits
urn:uuid:ee339e74-d4d1-46d1-93a2-c0e19b2cc512,642,3000126,analogValue,Constant Air Volume Exhaust Flow,EBU1.3RD-FLR.RM-3509.VAV-3509-1.CAVEX-FLOW,NAE-142/FC-1.AH15-SAV-009.CAVEX-FLOW,noUnits
urn:uuid:73b47d7a-1116-4232-867f-9d826feac499,642,3000127,analogValue,Exhaust Flow Command,EBU1.3RD-FLR.RM-3509.VAV-3509-1EX.EXHFLOW-COMMAND,NAE-142/FC-1.EF5-EAV-010.EXHFLOW-COMMAND,noUnits
urn:uuid:1789987b-b3aa-4880-9dc3-4aedd316b4a1,642,3000128,analogValue,Exhaust Flow Feedback,EBU1.3RD-FLR.RM-3509.VAV-3509-1EX.EXHFLOW-FEEDBACK,NAE-142/FC-1.EF5-EAV-010.EXHFLOW-FEEDBACK,noUnits
urn:uuid:91077498-e65c-4288-8bdc-a3b01dd29c15,642,3000129,analogValue,Constant Air Volume Exhaust Flow,EBU1.3RD-FLR.RM-3509.VAV-3509-1EX.CAVEX-FLOW,NAE-142/FC-1.EF5-EAV-010.CAVEX-FLOW,noUnits
urn:uuid:a1afb333-c5bd-492d-8a24-8ad252475e8f,642,3000140,analogValue,Supply Flow Command,EBU1.3RD-FLR.RM-3990.VAV-3990-1.SUPFLOW-COMMAND,NAE-142/FC-1.AH15-SAV-011.SUPFLOW-COMMAND,noUnits
urn:uuid:e7cbb0c7-792a-4964-9f8c-1adf8e8e414e,642,3000141,analogValue,Supply Flow Feedback,EBU1.3RD-FLR.RM-3990.VAV-3990-1.SUPFLOW-FEEDBACK,NAE-142/FC-1.AH15-SAV-011.SUPFLOW-FEEDBACK,noUnits
urn:uuid:c60a00e9-256f-40bf-b7a6-e157fb25229b,642,3000149,analogValue,Warmer/Cooler Adjust,EBU1.3RD-FLR.RM-3710.VAV-3710-1.WC-ADJ,NAE-142/FC-1.AH15-FEC-012.WC-ADJ,degreesFahrenheit
urn:uuid:2f5def5a-25a7-4d39-a3e0-bc4cb32d15e8,642,3000150,analogValue,Common Setpoint,EBU1.3RD-FLR.RM-3710.VAV-3710-1.COM-STPT,NAE-142/FC-1.AH15-FEC-012.COM-STPT,degreesFahrenheit
urn:uuid:f6ae02c5-e00b-4bd4-858e-220a97e6aac0,642,3000151,analogValue,Actual Cooling Setpoint,EBU1.3RD-FLR.RM-3710.VAV-3710-1.ACTCLG-STPT,NAE-142/FC-1.AH15-FEC-012.ACTCLG-STPT,degreesFahrenheit
urn:uuid:e1ca43f2-68e1-4a32-9456-8783436a6177,642,3000152,analogValue,Actual Heating Setpoint,EBU1.3RD-FLR.RM-3710.VAV-3710-1.ACTHTG-STPT,NAE-142/FC-1.AH15-FEC-012.ACTHTG-STPT,degreesFahrenheit
urn:uuid:009f0a71-7377-406a-91f2-6914e6d20ec1,642,3000153,analogValue,Cooling Command,EBU1.3RD-FLR.RM-3710.VAV-3710-1.CLG-CMD,NAE-142/FC-1.AH15-FEC-012.CLG-CMD,percent
urn:uuid:a65125c4-ecba-40b6-a3a9-664c735e74b7,642,3000157,analogValue,Supply Air Flow Setpoint,EBU1.3RD-FLR.RM-3710.VAV-3710-1.SAFLOW-STPT,NAE-142/FC-1.AH15-FEC-012.SAFLOW-STPT,cubicFeetPerMinute
urn:uuid:99295b1c-2221-449a-8607-765382648e3f,642,3000174,analogValue,Supply Flow Command,EBU1.3RD-FLR.RM-3501.VAV-3501-1.SUPFLOW-COMMAND,NAE-142/FC-1.AH15-SAV-013.SUPFLOW-COMMAND,noUnits
urn:uuid:62add39e-2b54-4805-86ce-aff898b864e0,642,3000175,analogValue,Supply Flow Feedback,EBU1.3RD-FLR.RM-3501.VAV-3501-1.SUPFLOW-FEEDBACK,NAE-142/FC-1.AH15-SAV-013.SUPFLOW-FEEDBACK,noUnits
urn:uuid:2c848d5c-bb3b-4da6-a095-16c160b5108f,642,3000183,analogValue,Warmer/Cooler Adjust,EBU1.3RD-FLR.RM-3513.VAV-3513-1.WC-ADJ,NAE-142/FC-1.AH15-SAV-014.WC-ADJ,degreesFahrenheit
urn:uuid:1a5bcee4-00b0-4600-b48f-44f7ec3ea485,642,3000184,analogValue,Actual Cooling Setpoint,EBU1.3RD-FLR.RM-3513.VAV-3513-1.ACTCLG-STPT,NAE-142/FC-1.AH15-SAV-014.ACTCLG-STPT,degreesFahrenheit
urn:uuid:b0a83719-cd44-4b46-8a04-3b222288a572,642,3000185,analogValue,Actual Heating Setpoint,EBU1.3RD-FLR.RM-3513.VAV-3513-1.ACTHTG-STPT,NAE-142/FC-1.AH15-SAV-014.ACTHTG-STPT,degreesFahrenheit
urn:uuid:61214899-d33b-480b-a9cf-04ed0067d965,642,3000186,analogValue,Occupied Temperature Setpoint,EBU1.3RD-FLR.RM-3513.VAV-3513-1.OCCTEMP-STPT,NAE-142/FC-1.AH15-SAV-014.OCCTEMP-STPT,noUnits
urn:uuid:91a9bf15-b1ec-4545-8647-db6f8f5364bf,642,3000187,analogValue,Occupied Temperature Deadband,EBU1.3RD-FLR.RM-3513.VAV-3513-1.OCCTEMP-DB,NAE-142/FC-1.AH15-SAV-014.OCCTEMP-DB,degreesFahrenheit
urn:uuid:85374394-f931-4040-849d-9f637629c1bf,642,3000189,analogValue,Cooling Demand,EBU1.3RD-FLR.RM-3513.VAV-3513-1.CLG-DMD,NAE-142/FC-1.AH15-SAV-014.CLG-DMD,noUnits
urn:uuid:7f3b098f-8eed-4b75-82a5-1cef706c6a78,642,3000192,analogValue,Supply Flow Command,EBU1.3RD-FLR.RM-3513.VAV-3513-1.SUPFLOW-COMMAND,NAE-142/FC-1.AH15-SAV-014.SUPFLOW-COMMAND,noUnits
urn:uuid:5dfbf7a3-1541-4eb8-a451-e4bbbf46b812,642,3000193,analogValue,Supply Flow Feedback,EBU1.3RD-FLR.RM-3513.VAV-3513-1.SUPFLOW-FEEDBACK,NAE-142/FC-1.AH15-SAV-014.SUPFLOW-FEEDBACK,noUnits
urn:uuid:6617aea4-47e6-49e0-b034-4cce63edc06d,642,3000194,analogValue,Exhaust Flow Command,EBU1.3RD-FLR.RM-3513.VAV-3513-1.EXHFLOW-COMMAND,NAE-142/FC-1.AH15-SAV-014.EXHFLOW-COMMAND,noUnits
urn:uuid:32e3f7ba-32e4-4588-a147-234d27f7b0a6,642,3000195,analogValue,Exhaust Flow Feedback,EBU1.3RD-FLR.RM-3513.VAV-3513-1.EXHFLOW-FEEDBACK,NAE-142/FC-1.AH15-SAV-014.EXHFLOW-FEEDBACK,noUnits
urn:uuid:e6e0f9bf-f120-42d7-8de4-5bbbd932a5dd,642,3000196,analogValue,Unoccupied Cooling Setpoint,EBU1.3RD-FLR.RM-3513.VAV-3513-1.UNOCCCLG-STPT,NAE-142/FC-1.AH15-SAV-014.UNOCCCLG-STPT,degreesFahrenheit
urn:uuid:d669d2c4-5336-4ce8-ae87-4a407192d83e,642,3000197,analogValue,Unoccupied Heating Setpoint,EBU1.3RD-FLR.RM-3513.VAV-3513-1.UNOCCHTG-STPT,NAE-142/FC-1.AH15-SAV-014.UNOCCHTG-STPT,degreesFahrenheit
urn:uuid:43d6e5bf-b052-42c1-8ab1-ba5041eb0c42,642,3000198,analogValue,Constant Air Volume Supply Flow,EBU1.3RD-FLR.RM-3513.VAV-3513-1.CAVS-FLOW,NAE-142/FC-1.AH15-SAV-014.CAVS-FLOW,noUnits
urn:uuid:7f413b22-30cc-4b62-baa9-e7b50b86e47e,642,3000199,analogValue,Constant Air Volume Exhaust Flow,EBU1.3RD-FLR.RM-3513.VAV-3513-1.CAVEX-FLOW,NAE-142/FC-1.AH15-SAV-014.CAVEX-FLOW,noUnits
urn:uuid:c1035f38-ba9f-4462-bb5b-a0afd6c3224c,642,3000200,analogValue,Exhaust Flow Command,EBU1.3RD-FLR.RM-3704.VAV-3704-1EX.EXHFLOW-COMMAND,NAE-142/FC-1.EF5-EAV-015.EXHFLOW-COMMAND,noUnits
urn:uuid:c78c6ae4-002d-446c-8690-f2a8920f29aa,642,3000201,analogValue,Exhaust Flow Feedback,EBU1.3RD-FLR.RM-3704.VAV-3704-1EX.EXHFLOW-FEEDBACK,NAE-142/FC-1.EF5-EAV-015.EXHFLOW-FEEDBACK,noUnits
urn:uuid:98812584-bd29-4b6f-904c-13ef1a325661,642,3000202,analogValue,Constant Air Volume Exhaust Flow,EBU1.3RD-FLR.RM-3704.VAV-3704-1EX.CAVEX-FLOW,NAE-142/FC-1.EF5-EAV-015.CAVEX-FLOW,noUnits
urn:uuid:a79ab162-d5f1-4834-a8eb-b96abe60e319,642,3000203,analogValue,Exhaust Flow Command,EBU1.3RD-FLR.RM-3710.VAV-3710-1EX.EXHFLOW-COMMAND,NAE-142/FC-1.EF5-EAV-016.EXHFLOW-COMMAND,noUnits
urn:uuid:08e71265-5a95-488e-8c96-c257b2faff31,642,3000204,analogValue,Exhaust Flow Feedback,EBU1.3RD-FLR.RM-3710.VAV-3710-1EX.EXHFLOW-FEEDBACK,NAE-142/FC-1.EF5-EAV-016.EXHFLOW-FEEDBACK,noUnits
urn:uuid:77775010-52a7-4958-bcf4-17f58b747f73,642,3000205,analogValue,Constant Air Volume Exhaust Flow,EBU1.3RD-FLR.RM-3710.VAV-3710-1EX.CAVEX-FLOW,NAE-142/FC-1.EF5-EAV-016.CAVEX-FLOW,noUnits
urn:uuid:fabc2f03-d12f-4599-af22-4ba659f5c8bc,642,3000207,analogValue,Warmer/Cooler Adjust,EBU1.3RD-FLR.RM-3705.VAV-3705-1.WC-ADJ,NAE-142/FC-2.AH15-SAV-006.WC-ADJ,degreesFahrenheit
urn:uuid:33d23d47-e342-4c2c-8e1c-3c2b403a162a,642,3000208,analogValue,Actual Cooling Setpoint,EBU1.3RD-FLR.RM-3705.VAV-3705-1.ACTCLG-STPT,NAE-142/FC-2.AH15-SAV-006.ACTCLG-STPT,degreesFahrenheit
urn:uuid:fd011f91-02cd-49cc-89c4-63e951d6cc27,642,3000209,analogValue,Actual Heating Setpoint,EBU1.3RD-FLR.RM-3705.VAV-3705-1.ACTHTG-STPT,NAE-142/FC-2.AH15-SAV-006.ACTHTG-STPT,degreesFahrenheit
urn:uuid:41e7db52-4361-41b3-a0b5-88511a958272,642,3000210,analogValue,Occupied Temperature Setpoint,EBU1.3RD-FLR.RM-3705.VAV-3705-1.OCCTEMP-STPT,NAE-142/FC-2.AH15-SAV-006.OCCTEMP-STPT,noUnits
urn:uuid:e79747d4-1f95-4c70-ad76-ac664092d696,642,3000211,analogValue,Occupied Temperature Deadband,EBU1.3RD-FLR.RM-3705.VAV-3705-1.OCCTEMP-DB,NAE-142/FC-2.AH15-SAV-006.OCCTEMP-DB,degreesFahrenheit
urn:uuid:cb172265-0957-4669-94ae-6aac58dc295e,642,3000213,analogValue,Cooling Demand,EBU1.3RD-FLR.RM-3705.VAV-3705-1.CLG-DMD,NAE-142/FC-2.AH15-SAV-006.CLG-DMD,noUnits
urn:uuid:7653add8-85ec-47ec-8ef8-8533e7570f8b,642,3000216,analogValue,Supply Flow Command,EBU1.3RD-FLR.RM-3705.VAV-3705-1.SUPFLOW-COMMAND,NAE-142/FC-2.AH15-SAV-006.SUPFLOW-COMMAND,noUnits
urn:uuid:f217204e-1f69-4a8f-8117-ef6fc324edca,642,3000217,analogValue,Supply Flow Feedback,EBU1.3RD-FLR.RM-3705.VAV-3705-1.SUPFLOW-FEEDBACK,NAE-142/FC-2.AH15-SAV-006.SUPFLOW-FEEDBACK,noUnits
urn:uuid:7e687123-779b-4c96-8053-a9e99c92dc6e,642,3000218,analogValue,Exhaust Flow Command,EBU1.3RD-FLR.RM-3705.VAV-3705-1.EXHFLOW-COMMAND,NAE-142/FC-2.AH15-SAV-006.EXHFLOW-COMMAND,noUnits
urn:uuid:1d64e460-da81-4d23-a748-5eb45b020404,642,3000219,analogValue,Exhaust Flow Feedback,EBU1.3RD-FLR.RM-3705.VAV-3705-1.EXHFLOW-FEEDBACK,NAE-142/FC-2.AH15-SAV-006.EXHFLOW-FEEDBACK,noUnits
urn:uuid:23c66d7a-f118-47cd-b03a-8668989722db,642,3000220,analogValue,Unoccupied Cooling Setpoint,EBU1.3RD-FLR.RM-3705.VAV-3705-1.UNOCCCLG-STPT,NAE-142/FC-2.AH15-SAV-006.UNOCCCLG-STPT,degreesFahrenheit
urn:uuid:4d14d3f4-73d4-4a8f-a826-977f27b4a512,642,3000221,analogValue,Unoccupied Heating Setpoint,EBU1.3RD-FLR.RM-3705.VAV-3705-1.UNOCCHTG-STPT,NAE-142/FC-2.AH15-SAV-006.UNOCCHTG-STPT,degreesFahrenheit
urn:uuid:cbdfba7c-7727-4d94-b662-cd1979049d69,642,3000222,analogValue,Constant Air Volume Supply Flow,EBU1.3RD-FLR.RM-3705.VAV-3705-1.CAVS-FLOW,NAE-142/FC-2.AH15-SAV-006.CAVS-FLOW,noUnits
urn:uuid:ad78b2a5-d8b3-40be-9fa6-3c6219c5f8c9,642,3000223,analogValue,Constant Air Volume Exhaust Flow,EBU1.3RD-FLR.RM-3705.VAV-3705-1.CAVEX-FLOW,NAE-142/FC-2.AH15-SAV-006.CAVEX-FLOW,noUnits
urn:uuid:f836968e-66bc-4210-9ce7-65dfaaa7d0b1,642,3000225,analogValue,Warmer/Cooler Adjust,EBU1.3RD-FLR.RM-3703.VAV-3703-1.WC-ADJ,NAE-142/FC-2.AH15-FEC-007.WC-ADJ,degreesFahrenheit
urn:uuid:d7a7b0cc-8bf3-47eb-a42e-548baa95db8f,642,3000226,analogValue,Common Setpoint,EBU1.3RD-FLR.RM-3703.VAV-3703-1.COM-STPT,NAE-142/FC-2.AH15-FEC-007.COM-STPT,degreesFahrenheit
urn:uuid:fad915c5-7722-41a3-b5d8-2eaf72787ce3,642,3000227,analogValue,Actual Cooling Setpoint,EBU1.3RD-FLR.RM-3703.VAV-3703-1.ACTCLG-STPT,NAE-142/FC-2.AH15-FEC-007.ACTCLG-STPT,degreesFahrenheit
urn:uuid:dfce0dfb-b63f-43bb-b512-4021115cdd81,642,3000228,analogValue,Actual Heating Setpoint,EBU1.3RD-FLR.RM-3703.VAV-3703-1.ACTHTG-STPT,NAE-142/FC-2.AH15-FEC-007.ACTHTG-STPT,degreesFahrenheit
urn:uuid:09702841-4d1c-47a6-a942-fe0913d74f18,642,3000229,analogValue,Cooling Command,EBU1.3RD-FLR.RM-3703.VAV-3703-1.CLG-CMD,NAE-142/FC-2.AH15-FEC-007.CLG-CMD,percent
urn:uuid:8129fb11-9aa2-45ec-acd1-2731b3809253,642,3000233,analogValue,Supply Air Flow Setpoint,EBU1.3RD-FLR.RM-3703.VAV-3703-1.SAFLOW-STPT,NAE-142/FC-2.AH15-FEC-007.SAFLOW-STPT,cubicFeetPerMinute
urn:uuid:d70acb7f-9f14-4c8c-87f6-147d1012147f,642,3000240,analogValue,Exhaust Flow Command,EBU1.3RD-FLR.RM-3701.VAV-3701-1EX.EXHFLOW-COMMAND,NAE-142/FC-2.AH5-EAV-008.EXHFLOW-COMMAND,noUnits
urn:uuid:892fc2a1-cdc1-4c06-93b5-9bdc06978114,642,3000241,analogValue,Exhaust Flow Feedback,EBU1.3RD-FLR.RM-3701.VAV-3701-1EX.EXHFLOW-FEEDBACK,NAE-142/FC-2.AH5-EAV-008.EXHFLOW-FEEDBACK,noUnits
urn:uuid:80c461a0-46f3-4003-a099-19f9df278640,642,3000242,analogValue,Constant Air Volume Exhaust Flow,EBU1.3RD-FLR.RM-3701.VAV-3701-1EX.CAVEX-FLOW,NAE-142/FC-2.AH5-EAV-008.CAVEX-FLOW,noUnits
urn:uuid:407a002f-4b63-4a1b-8cc5-b85559d94a4a,642,3000244,analogValue,Warmer/Cooler Adjust,EBU1.3RD-FLR.RM-3902.VAV-3902-1.1.WC-ADJ,NAE-142/FC-2.AH15-SAV-009.WC-ADJ,degreesFahrenheit
urn:uuid:6577773c-ce30-4481-988f-d53926e638b7,642,3000245,analogValue,Actual Cooling Setpoint,EBU1.3RD-FLR.RM-3902.VAV-3902-1.1.ACTCLG-STPT,NAE-142/FC-2.AH15-SAV-009.ACTCLG-STPT,degreesFahrenheit
urn:uuid:de6435db-54cf-492d-80e1-662ec7f3d16a,642,3000246,analogValue,Actual Heating Setpoint,EBU1.3RD-FLR.RM-3902.VAV-3902-1.1.ACTHTG-STPT,NAE-142/FC-2.AH15-SAV-009.ACTHTG-STPT,degreesFahrenheit
urn:uuid:5e2edb0d-504a-4d13-a0c5-7330969c2687,642,3000247,analogValue,Occupied Temperature Setpoint,EBU1.3RD-FLR.RM-3902.VAV-3902-1.1.OCCTEMP-STPT,NAE-142/FC-2.AH15-SAV-009.OCCTEMP-STPT,noUnits
urn:uuid:86214cec-07c5-4f21-90cd-5ad5f568ad81,642,3000248,analogValue,Occupied Temperature Deadband,EBU1.3RD-FLR.RM-3902.VAV-3902-1.1.OCCTEMP-DB,NAE-142/FC-2.AH15-SAV-009.OCCTEMP-DB,degreesFahrenheit
urn:uuid:97bfbae6-db24-43cd-a91b-1d01aa775594,642,3000250,analogValue,Cooling Demand,EBU1.3RD-FLR.RM-3902.VAV-3902-1.1.CLG-DMD,NAE-142/FC-2.AH15-SAV-009.CLG-DMD,noUnits
urn:uuid:cb3d378d-79df-43e7-8bbf-82c82d79e2b2,642,3000253,analogValue,Supply Flow Command,EBU1.3RD-FLR.RM-3902.VAV-3902-1.1.SUPFLOW-COMMAND,NAE-142/FC-2.AH15-SAV-009.SUPFLOW-COMMAND,noUnits
urn:uuid:e838f2e9-96a9-4bb1-bf1f-b92f9659fed0,642,3000254,analogValue,Supply Flow Feedback,EBU1.3RD-FLR.RM-3902.VAV-3902-1.1.SUPFLOW-FEEDBACK,NAE-142/FC-2.AH15-SAV-009.SUPFLOW-FEEDBACK,noUnits
urn:uuid:1eb0e94d-48de-44e1-bc22-9ad99f464152,642,3000255,analogValue,Exhaust Flow Command,EBU1.3RD-FLR.RM-3902.VAV-3902-1.1.EXHFLOW-COMMAND,NAE-142/FC-2.AH15-SAV-009.EXHFLOW-COMMAND,noUnits
urn:uuid:31b76846-216d-4baf-b593-66bf02dee3d8,642,3000256,analogValue,Exhaust Flow Feedback,EBU1.3RD-FLR.RM-3902.VAV-3902-1.1.EXHFLOW-FEEDBACK,NAE-142/FC-2.AH15-SAV-009.EXHFLOW-FEEDBACK,noUnits
urn:uuid:3ccb691c-9996-4624-ba62-8b2088c3a989,642,3000257,analogValue,Unoccupied Cooling Setpoint,EBU1.3RD-FLR.RM-3902.VAV-3902-1.1.UNOCCCLG-STPT,NAE-142/FC-2.AH15-SAV-009.UNOCCCLG-STPT,degreesFahrenheit
urn:uuid:5be80432-599b-4724-84e7-70bf0fc88848,642,3000258,analogValue,Unoccupied Heating Setpoint,EBU1.3RD-FLR.RM-3902.VAV-3902-1.1.UNOCCHTG-STPT,NAE-142/FC-2.AH15-SAV-009.UNOCCHTG-STPT,degreesFahrenheit
urn:uuid:a74ad0f9-a236-4ec4-95fc-3c2def887434,642,3000271,analogValue,Supply Flow Command,EBU1.3RD-FLR.RM-3902.VAV-3902-1.2.SUPFLOW-COMMAND,NAE-142/FC-2.AH15-SAV-010.SUPFLOW-COMMAND,noUnits
urn:uuid:834d2acc-63fb-4402-a8f7-d0457bb613d8,642,3000272,analogValue,Supply Flow Feedback,EBU1.3RD-FLR.RM-3902.VAV-3902-1.2.SUPFLOW-FEEDBACK,NAE-142/FC-2.AH15-SAV-010.SUPFLOW-FEEDBACK,noUnits
urn:uuid:9e9f1a49-a595-43a1-93ee-9e10446c2ada,642,3000273,analogValue,Exhaust Flow Command,EBU1.3RD-FLR.RM-3902.VAV-3902-1.2.EXHFLOW-COMMAND,NAE-142/FC-2.AH15-SAV-010.EXHFLOW-COMMAND,noUnits
urn:uuid:295cc379-d490-4296-b954-05d0338a93e9,642,3000274,analogValue,Exhaust Flow Feedback,EBU1.3RD-FLR.RM-3902.VAV-3902-1.2.EXHFLOW-FEEDBACK,NAE-142/FC-2.AH15-SAV-010.EXHFLOW-FEEDBACK,noUnits
urn:uuid:4d8e335a-55ca-4bb3-8ce9-b171669d3fa9,642,3000279,analogValue,Exhaust Flow Command,EBU1.3RD-FLR.RM-3703.VAV-3703-1EX.EXHFLOW-COMMAND,NAE-142/FC-2.EF5-EAV-011.EXHFLOW-COMMAND,noUnits
urn:uuid:570b33f4-bea6-4867-839a-52b79686d9f7,642,3000280,analogValue,Exhaust Flow Feedback,EBU1.3RD-FLR.RM-3703.VAV-3703-1EX.EXHFLOW-FEEDBACK,NAE-142/FC-2.EF5-EAV-011.EXHFLOW-FEEDBACK,noUnits
urn:uuid:143fbb77-1b4b-40b5-8085-beb41c6c8fb1,642,3000281,analogValue,Constant Air Volume Exhaust Flow,EBU1.3RD-FLR.RM-3703.VAV-3703-1EX.CAVEX-FLOW,NAE-142/FC-2.EF5-EAV-011.CAVEX-FLOW,noUnits
urn:uuid:b5f57c9b-e8a6-4d83-a425-ad73796d1f25,642,3000467,analogValue,Zone Temperature,EBU1.3RD-FLR.RM-3810.VAV-HV15.ZN-T,NAE-142/FC-2.HV15-TEC-004.ZN-T,degreesFahrenheit
urn:uuid:151e0c9b-8631-4835-bd91-00044a7e32ee,642,3000473,analogValue,Occupied Heating Setpoint,EBU1.3RD-FLR.RM-3810.VAV-HV15.OCCHTG-STPT,NAE-142/FC-2.HV15-TEC-004.OCCHTG-STPT,degreesFahrenheit
urn:uuid:a0184b27-b0cb-4e5d-87e1-f7b6752f6f25,642,3000475,analogValue,Unoccupied Heating Setpoint,EBU1.3RD-FLR.RM-3810.VAV-HV15.UNOCCHTG-STPT,NAE-142/FC-2.HV15-TEC-004.UNOCCHTG-STPT,degreesFahrenheit
urn:uuid:509e5a1a-416a-4190-85e0-831197c066e7,642,3000477,analogValue,Heating Valve Command,EBU1.3RD-FLR.RM-3810.VAV-HV15.HTGVLV-CMD,NAE-142/FC-2.HV15-TEC-004.HTGVLV-CMD,percent
urn:uuid:8c9bd729-89ad-4ab3-9dc2-bee102581f0e,642,3000485,analogValue,Zone Temperature,EBU1.3RD-FLR.RM-3603.VAV-HV14.ZN-T,NAE-142/FC-2.HV14-TEC-005.ZN-T,degreesFahrenheit
urn:uuid:e7af3b67-6adc-4c07-901d-93527fe7d2b4,642,3000491,analogValue,Occupied Heating Setpoint,EBU1.3RD-FLR.RM-3603.VAV-HV14.OCCHTG-STPT,NAE-142/FC-2.HV14-TEC-005.OCCHTG-STPT,degreesFahrenheit
urn:uuid:f84a11a2-d24d-4a39-9917-b2568635b948,642,3000493,analogValue,Unoccupied Heating Setpoint,EBU1.3RD-FLR.RM-3603.VAV-HV14.UNOCCHTG-STPT,NAE-142/FC-2.HV14-TEC-005.UNOCCHTG-STPT,degreesFahrenheit
urn:uuid:35893640-b010-4076-82ac-25b6ace4f919,642,3000495,analogValue,Heating Valve Command,EBU1.3RD-FLR.RM-3603.VAV-HV14.HTGVLV-CMD,NAE-142/FC-2.HV14-TEC-005.HTGVLV-CMD,percent
urn:uuid:387c2fba-7ed2-4742-913d-5c293956598e,642,3000576,analogValue,,1st FLR AVG,NAE-142/Programming.Fume Hood Sash Position.1ST FLR.1st FLR AVG,noUnits
urn:uuid:996c0dbb-114c-44ef-b7fc-83d7a24bbed8,642,3000577,analogValue,,1st FLR MAX,NAE-142/Programming.Fume Hood Sash Position.1ST FLR.1st FLR MAX,noUnits
urn:uuid:18fa93f7-444c-4606-a2da-9639c4f13051,642,3000579,analogValue,,2nd FLR AVG,NAE-142/Programming.Fume Hood Sash Position.2ND FLR.2nd FLR AVG,noUnits
urn:uuid:53804f10-a0e9-4cd5-8e8a-82e9a62cbaf1,642,3000580,analogValue,,2nd FLR MAX,NAE-142/Programming.Fume Hood Sash Position.2ND FLR.2nd FLR MAX,noUnits
urn:uuid:ad39ae45-b611-40be-93d0-51bb66368a8b,642,3000582,analogValue,,3rd FLR AVG,NAE-142/Programming.Fume Hood Sash Position.3RD FLR.3rd FLR AVG,noUnits
urn:uuid:95395eac-2def-4f23-b9a4-d77a582b8967,642,3000583,analogValue,,3rd FLR MAX,NAE-142/Programming.Fume Hood Sash Position.3RD FLR.3rd FLR MAX,noUnits
urn:uuid:e3d07e8a-a036-42c9-8976-96641de89ad2,642,3000585,analogValue,,4th FLR AVG,NAE-142/Programming.Fume Hood Sash Position.4TH FLR.4th FLR AVG,noUnits
urn:uuid:6c24ba66-405f-465c-9cf7-99f3d9422429,642,3000586,analogValue,,4th FLR MAX,NAE-142/Programming.Fume Hood Sash Position.4TH FLR.4th FLR MAX,noUnits
urn:uuid:d51ebd2a-8608-441c-93ea-18c061a9aabc,642,3000588,analogValue,,5th FLR AVG,NAE-142/Programming.Fume Hood Sash Position.5TH FLR.5th FLR AVG,noUnits
urn:uuid:fbc8fd7f-ebaa-44b5-84a8-6351184458d8,642,3000589,analogValue,,5th FLR MAX,NAE-142/Programming.Fume Hood Sash Position.5TH FLR.5th FLR MAX,noUnits
urn:uuid:a6a11552-bd33-4ea3-b014-47fc6e51f0b0,642,3000591,analogValue,,TOT AVG,NAE-142/Programming.Fume Hood Sash Position.TOT AVG,noUnits
urn:uuid:d0f5151c-7fd8-46de-8aab-76efb7771b26,642,3000064,binaryInput,Occupancy Sensor,EBU1.3RD-FLR.RM-3704.VAV-3704-1.OCC-SENS,NAE-142/FC-1.AH15-FEC-005.OCC-SENS,
urn:uuid:2d133408-47d1-4fbe-b217-f0f674cfda87,642,3000158,binaryInput,Occupancy Sensor,EBU1.3RD-FLR.RM-3710.VAV-3710-1.OCC-SENS,NAE-142/FC-1.AH15-FEC-012.OCC-SENS,
urn:uuid:f2dd5dc2-83d8-4ce0-a5a2-8425ba72fc20,642,3000234,binaryInput,Occupancy Sensor,EBU1.3RD-FLR.RM-3703.VAV-3703-1.OCC-SENS,NAE-142/FC-2.AH15-FEC-007.OCC-SENS,
urn:uuid:6695df1a-4889-4b47-a095-9b4b3af659fa,642,3000479,binaryInput,Filter Status,EBU1.3RD-FLR.RM-3810.VAV-HV15.FILT-STS,NAE-142/FC-2.HV15-TEC-004.FILT-STS,
urn:uuid:2ec54dfd-f1f7-4d77-94dd-5d9a89cdf5f6,642,3000481,binaryInput,Supply Fan Status,EBU1.3RD-FLR.RM-3810.VAV-HV15.SF-STS,NAE-142/FC-2.HV15-TEC-004.SF-STS,
urn:uuid:b66cdedb-59fc-446f-a719-07d7fdcd6a8c,642,3000497,binaryInput,Filter Status,EBU1.3RD-FLR.RM-3603.VAV-HV14.FILT-STS,NAE-142/FC-2.HV14-TEC-005.FILT-STS,
urn:uuid:eca2be49-ab3f-4cd7-9d72-acb2327228f4,642,3000499,binaryInput,Supply Fan Status,EBU1.3RD-FLR.RM-3603.VAV-HV14.SF-STS,NAE-142/FC-2.HV14-TEC-005.SF-STS,
urn:uuid:9db45d78-852d-4edb-9110-edcae76795eb,642,3000044,binaryValue,Occupied Command,EBU1.3RD-FLR.RM-3702.VAV-3702-1.OCC-CMD,NAE-142/FC-1.AH15-SAV-004.OCC-CMD,
urn:uuid:d804056a-b50f-4d13-93c7-dc09d123a54f,642,3000045,binaryValue,Occupancy Status,EBU1.3RD-FLR.RM-3702.VAV-3702-1.OCC-STS,NAE-142/FC-1.AH15-SAV-004.OCC-STS,
urn:uuid:4ccd82c5-795b-4d8a-afe0-b4e1ef4fbf5e,642,3000078,binaryValue,Occupied Command,EBU1.3RD-FLR.RM-3507.VAV-3507-1.OCC-CMD,NAE-142/FC-1.AH15-SAV-006.OCC-CMD,
urn:uuid:20f63789-cecf-4904-8679-61ba61fd2f59,642,3000079,binaryValue,Occupancy Status,EBU1.3RD-FLR.RM-3507.VAV-3507-1.OCC-STS,NAE-142/FC-1.AH15-SAV-006.OCC-STS,
urn:uuid:d7d726dd-eb57-44a2-a62b-2d3f647e5b85,642,3000096,binaryValue,Occupied Command,EBU1.3RD-FLR.RM-3706.VAV-3706-1.OCC-CMD,NAE-142/FC-1.AH15-SAV-007.OCC-CMD,
urn:uuid:69c9389e-820f-4a9d-8cbe-4a6aa4043b7c,642,3000097,binaryValue,Occupancy Status,EBU1.3RD-FLR.RM-3706.VAV-3706-1.OCC-STS,NAE-142/FC-1.AH15-SAV-007.OCC-STS,
urn:uuid:fbbbcbb3-5b73-487a-b565-4b66ededb7b2,642,3000117,binaryValue,Occupied Command,EBU1.3RD-FLR.RM-3509.VAV-3509-1.OCC-CMD,NAE-142/FC-1.AH15-SAV-009.OCC-CMD,
urn:uuid:ade82222-4596-4328-8f2e-3b3b32ad7350,642,3000118,binaryValue,Occupancy Status,EBU1.3RD-FLR.RM-3509.VAV-3509-1.OCC-STS,NAE-142/FC-1.AH15-SAV-009.OCC-STS,
urn:uuid:0d08b040-443a-4009-8767-dc2442889778,642,3000190,binaryValue,Occupied Command,EBU1.3RD-FLR.RM-3513.VAV-3513-1.OCC-CMD,NAE-142/FC-1.AH15-SAV-014.OCC-CMD,
urn:uuid:1a7e8439-f220-4c32-8735-b31e40880554,642,3000191,binaryValue,Occupancy Status,EBU1.3RD-FLR.RM-3513.VAV-3513-1.OCC-STS,NAE-142/FC-1.AH15-SAV-014.OCC-STS,
urn:uuid:4b52da21-6579-4af4-8c9e-e121252cc53f,642,3000214,binaryValue,Occupied Command,EBU1.3RD-FLR.RM-3705.VAV-3705-1.OCC-CMD,NAE-142/FC-2.AH15-SAV-006.OCC-CMD,
urn:uuid:5b4b1967-d16c-4e08-9f01-7a13ea6816dd,642,3000215,binaryValue,Occupancy Status,EBU1.3RD-FLR.RM-3705.VAV-3705-1.OCC-STS,NAE-142/FC-2.AH15-SAV-006.OCC-STS,
urn:uuid:075f9d45-12d1-48fe-a2ae-fc7c37bc4730,642,3000251,binaryValue,Occupied Command,EBU1.3RD-FLR.RM-3902.VAV-3902-1.1.OCC-CMD,NAE-142/FC-2.AH15-SAV-009.OCC-CMD,
urn:uuid:707d4229-865e-41da-8dcd-06ffa9bfa982,642,3000252,binaryValue,Occupancy Status,EBU1.3RD-FLR.RM-3902.VAV-3902-1.1.OCC-STS,NAE-142/FC-2.AH15-SAV-009.OCC-STS,
urn:uuid:0894f271-d833-4e2e-9743-36fd74c45c47,642,3000575,program,,1st FLR Fume Hood Sash Position,NAE-142/Programming.Fume Hood Sash Position.1ST FLR.1st FLR Fume Hood Sash Position,
urn:uuid:c25a3eb0-45f6-4c4c-9e41-298cb235bcf2,642,3000578,program,,2nd FLR Fume Hood Sash Position,NAE-142/Programming.Fume Hood Sash Position.2ND FLR.2nd FLR Fume Hood Sash Position,
urn:uuid:70325252-dd02-42e9-afb2-1cf22519448c,642,3000581,program,,3rd FLR Fume Hood Sash Position,NAE-142/Programming.Fume Hood Sash Position.3RD FLR.3rd FLR Fume Hood Sash Position,
urn:uuid:7e7ded4c-6688-44b9-ab25-3766f2dc9b9d,642,3000584,program,,4th FLR Fume Hood Sash Position,NAE-142/Programming.Fume Hood Sash Position.4TH FLR.4th FLR Fume Hood Sash Position,
urn:uuid:74a21dfc-2638-4edc-bea8-71b1fc8ecac9,642,3000587,program,,5th FLR Fume Hood Sash Position,NAE-142/Programming.Fume Hood Sash Position.5TH FLR.5th FLR Fume Hood Sash Position,
urn:uuid:1043b82e-da4f-496b-ad39-97e54c64f8c2,642,3000590,program,,Total AVG,NAE-142/Programming.Fume Hood Sash Position.Total AVG,
urn:uuid:bd20d1a7-18a3-4d95-a2e0-d0814edc5d89,642,3000457,schedule,,3rd Floor Schedule,NAE-142/Schedule.3rd Floor.3rd Floor Schedule,
urn:uuid:11d72a76-207e-44a1-964b-d0a8d1e64e0d,642,3000459,schedule,,4th Floor Schedule,NAE-142/Schedule.4th Floor.4th Floor Schedule,
urn:uuid:c45a6d53-5993-4e11-b04e-3c84dc519091,642,3000065,multiStateValue,Occupancy Command,EBU1.3RD-FLR.RM-3704.VAV-3704-1.OCC-CMD,NAE-142/FC-1.AH15-FEC-005.OCC-CMD,
urn:uuid:b48feba1-e6f8-418e-b485-52fbf0f73124,642,3000066,multiStateValue,Occupancy Status,EBU1.3RD-FLR.RM-3704.VAV-3704-1.OCC-STS,NAE-142/FC-1.AH15-FEC-005.OCC-STS,
urn:uuid:006b29bc-cbf1-4ddd-9531-de763ce4ed30,642,3000159,multiStateValue,Occupancy Command,EBU1.3RD-FLR.RM-3710.VAV-3710-1.OCC-CMD,NAE-142/FC-1.AH15-FEC-012.OCC-CMD,
urn:uuid:0408de43-0e25-45b8-885c-7b821455c7e4,642,3000160,multiStateValue,Occupancy Status,EBU1.3RD-FLR.RM-3710.VAV-3710-1.OCC-STS,NAE-142/FC-1.AH15-FEC-012.OCC-STS,
urn:uuid:b4af5e1c-0aaf-4a39-9c4e-edba4f84ebfa,642,3000235,multiStateValue,Occupancy Command,EBU1.3RD-FLR.RM-3703.VAV-3703-1.OCC-CMD,NAE-142/FC-2.AH15-FEC-007.OCC-CMD,
urn:uuid:2b223c2b-df2f-4fc0-9b7c-4fde930e2524,642,3000236,multiStateValue,Occupancy Status,EBU1.3RD-FLR.RM-3703.VAV-3703-1.OCC-STS,NAE-142/FC-2.AH15-FEC-007.OCC-STS,
urn:uuid:588383d6-2106-4746-b24e-abc6c3ac936e,642,3000471,multiStateValue,Occupancy Command,EBU1.3RD-FLR.RM-3810.VAV-HV15.OCC-CMD,NAE-142/FC-2.HV15-TEC-004.OCC-CMD,
urn:uuid:cb36b392-5897-4636-b601-10b70eb6d145,642,3000483,multiStateValue,Supply Fan Command,EBU1.3RD-FLR.RM-3810.VAV-HV15.SF-SS,NAE-142/FC-2.HV15-TEC-004.SF-SS,
urn:uuid:bc9a77d9-55c3-4806-ab75-c773defcbcc9,642,3000489,multiStateValue,Occupancy Command,EBU1.3RD-FLR.RM-3603.VAV-HV14.OCC-CMD,NAE-142/FC-2.HV14-TEC-005.OCC-CMD,
urn:uuid:6159c345-11fb-4eda-a49e-ee9d2da797cc,642,3000501,multiStateValue,Supply Fan Command,EBU1.3RD-FLR.RM-3603.VAV-HV14.SF-SS,NAE-142/FC-2.HV14-TEC-005.SF-SS,
urn:uuid:0cadb1a7-2124-4712-be3c-761c4ca97bbd,642,3000006,trendLog,,Memory Usage Trend Log,NAE-142/Memory Usage Trend Log,
urn:uuid:b645dfe6-c47b-4045-a89c-7b03889b7cca,642,3000007,trendLog,,Event Rate Trend Log,NAE-142/Event Rate Trend Log,
urn:uuid:c73d12c0-960a-47de-9eeb-858853a43c2a,642,3000282,trendLog,,EBU1.3RD-FLR.RM-3702.VAV-3702-1.ZN-T.Trend - Present Value,NAE-142/FC-1.AH15-SAV-004.ZN-T.Trend1,
urn:uuid:a53d7adb-0e1d-45b7-a672-e29d36d775f7,642,3000283,trendLog,,EBU1.3RD-FLR.RM-3702.VAV-3702-1.ACTCLG-STPT.Trend - Present Value,NAE-142/FC-1.AH15-SAV-004.ACTCLG-STPT.Trend1,
urn:uuid:1544d98a-385e-411c-8155-96237be49ee3,642,3000284,trendLog,,EBU1.3RD-FLR.RM-3702.VAV-3702-1.ACTHTG-STPT.Trend - Present Value,NAE-142/FC-1.AH15-SAV-004.ACTHTG-STPT.Trend1,
urn:uuid:d720d832-84b1-46d9-8682-89f6a8813186,642,3000285,trendLog,,EBU1.3RD-FLR.RM-3702.VAV-3702-1.HTGVLV-CMD.Trend - Present Value,NAE-142/FC-1.AH15-SAV-004.HTGVLV-CMD.Trend1,
urn:uuid:841f13b6-c3f0-4c12-bc5b-50c4fd56675c,642,3000286,trendLog,,EBU1.3RD-FLR.RM-3702.VAV-3702-1.CLG-DMD.Trend - Present Value,NAE-142/FC-1.AH15-SAV-004.CLG-DMD.Trend1,
urn:uuid:b3b8ef00-bb2a-48a7-87f8-8b97a630694b,642,3000287,trendLog,,EBU1.3RD-FLR.RM-3702.VAV-3702-1.OCC-CMD.Trend - Present Value,NAE-142/FC-1.AH15-SAV-004.OCC-CMD.Trend1,
urn:uuid:21e8689b-24e5-4ccc-ba11-af7d92d16a0d,642,3000288,trendLog,,EBU1.3RD-FLR.RM-3702.VAV-3702-1.OCC-STS.Trend - Present Value,NAE-142/FC-1.AH15-SAV-004.OCC-STS.Trend1,
urn:uuid:6bc2b3d5-9970-4b5d-80af-f95a7ab0397f,642,3000289,trendLog,,EBU1.3RD-FLR.RM-3702.VAV-3702-1.SUPFLOW-FEEDBACK.Trend - Present Value,NAE-142/FC-1.AH15-SAV-004.SUPFLOW-FEEDBACK.Trend1,
urn:uuid:1585e73a-306d-4a2f-8a19-5be9cc7ddba3,642,3000290,trendLog,,EBU1.3RD-FLR.RM-3702.VAV-3702-1.EXHFLOW-FEEDBACK.Trend - Present Value,NAE-142/FC-1.AH15-SAV-004.EXHFLOW-FEEDBACK.Trend1,
urn:uuid:95b8c405-13e3-4144-98a6-33e9cc9d0687,642,3000291,trendLog,,EBU1.3RD-FLR.RM-3704.VAV-3704-1.ZN-T.Trend - Present Value,NAE-142/FC-1.AH15-FEC-005.ZN-T.Trend1,
urn:uuid:abb984f6-67ef-4c2b-a29e-dce635ed02a3,642,3000292,trendLog,,EBU1.3RD-FLR.RM-3704.VAV-3704-1.COM-STPT.Trend - Present Value,NAE-142/FC-1.AH15-FEC-005.COM-STPT.Trend1,
urn:uuid:d53b62a3-4dc1-4d8d-928e-f0942cc88fe2,642,3000293,trendLog,,EBU1.3RD-FLR.RM-3704.VAV-3704-1.ACTCLG-STPT.Trend - Present Value,NAE-142/FC-1.AH15-FEC-005.ACTCLG-STPT.Trend1,
urn:uuid:b9ae0f0f-ce9c-4ceb-8013-64d8c99f41be,642,3000294,trendLog,,EBU1.3RD-FLR.RM-3704.VAV-3704-1.ACTHTG-STPT.Trend - Present Value,NAE-142/FC-1.AH15-FEC-005.ACTHTG-STPT.Trend1,
urn:uuid:cb9e66cc-92a2-479a-9944-a6d0aa83a48a,642,3000295,trendLog,,EBU1.3RD-FLR.RM-3704.VAV-3704-1.CLG-CMD.Trend - Present Value,NAE-142/FC-1.AH15-FEC-005.CLG-CMD.Trend1,
urn:uuid:322d79f8-9b5b-47d8-99ab-5edd28b424ba,642,3000296,trendLog,,EBU1.3RD-FLR.RM-3704.VAV-3704-1.HTGVLV-CMD.Trend - Present Value,NAE-142/FC-1.AH15-FEC-005.HTGVLV-CMD.Trend1,
urn:uuid:59aee9e7-ce4a-4f66-98f9-1df2ec59eb38,642,3000297,trendLog,,EBU1.3RD-FLR.RM-3704.VAV-3704-1.SA-FLOW.Trend - Present Value,NAE-142/FC-1.AH15-FEC-005.SA-FLOW.Trend1,
urn:uuid:34ea4df3-a96e-42cc-9257-48cdba7e88c1,642,3000298,trendLog,,EBU1.3RD-FLR.RM-3704.VAV-3704-1.EA-FLOW.Trend - Present Value,NAE-142/FC-1.AH15-FEC-005.EA-FLOW.Trend1,
urn:uuid:3a659760-4cbb-4687-9572-d5303684b03d,642,3000299,trendLog,,EBU1.3RD-FLR.RM-3704.VAV-3704-1.SAFLOW-STPT.Trend - Present Value,NAE-142/FC-1.AH15-FEC-005.SAFLOW-STPT.Trend1,
urn:uuid:510a77c0-1616-4aee-8103-329347eb8162,642,3000300,trendLog,,EBU1.3RD-FLR.RM-3704.VAV-3704-1.OCC-SENS.Trend - Present Value,NAE-142/FC-1.AH15-FEC-005.OCC-SENS.Trend1,
urn:uuid:64abdd11-ea04-4aed-8fb0-aa4e8fe1733e,642,3000301,trendLog,,EBU1.3RD-FLR.RM-3704.VAV-3704-1.OCC-CMD.Trend - Present Value,NAE-142/FC-1.AH15-FEC-005.OCC-CMD.Trend1,
urn:uuid:fd57e70f-392e-4533-a0c0-4c7ca7c7e384,642,3000302,trendLog,,EBU1.3RD-FLR.RM-3704.VAV-3704-1.OCC-STS.Trend - Present Value,NAE-142/FC-1.AH15-FEC-005.OCC-STS.Trend1,
urn:uuid:8f62ec98-a64e-4449-bb4f-1e8c3c8940b6,642,3000306,trendLog,,EBU1.3RD-FLR.RM-3507.VAV-3507-1.ZN-T.Trend - Present Value,NAE-142/FC-1.AH15-SAV-006.ZN-T.Trend1,
urn:uuid:851e118e-13fb-47ce-820c-97b6c5d7ad9e,642,3000307,trendLog,,EBU1.3RD-FLR.RM-3507.VAV-3507-1.ACTCLG-STPT.Trend - Present Value,NAE-142/FC-1.AH15-SAV-006.ACTCLG-STPT.Trend1,
urn:uuid:95deaee1-c2d7-4695-84fb-421c625052b2,642,3000308,trendLog,,EBU1.3RD-FLR.RM-3507.VAV-3507-1.ACTHTG-STPT.Trend - Present Value,NAE-142/FC-1.AH15-SAV-006.ACTHTG-STPT.Trend1,
urn:uuid:6ae1f2ba-5eef-4e21-8ab8-8b2f16522e18,642,3000309,trendLog,,EBU1.3RD-FLR.RM-3507.VAV-3507-1.HTGVLV-CMD.Trend - Present Value,NAE-142/FC-1.AH15-SAV-006.HTGVLV-CMD.Trend1,
urn:uuid:7a53f112-165c-41bc-9ac8-e0b78d6ae92a,642,3000310,trendLog,,EBU1.3RD-FLR.RM-3507.VAV-3507-1.CLG-DMD.Trend - Present Value,NAE-142/FC-1.AH15-SAV-006.CLG-DMD.Trend1,
urn:uuid:2afc7aba-915a-417a-bae0-e9422a9631eb,642,3000311,trendLog,,EBU1.3RD-FLR.RM-3507.VAV-3507-1.OCC-CMD.Trend - Present Value,NAE-142/FC-1.AH15-SAV-006.OCC-CMD.Trend1,
urn:uuid:e16c3a35-fbed-49de-ac10-21da069ceb1b,642,3000312,trendLog,,EBU1.3RD-FLR.RM-3507.VAV-3507-1.OCC-STS.Trend - Present Value,NAE-142/FC-1.AH15-SAV-006.OCC-STS.Trend1,
urn:uuid:4d49903d-06b6-4d37-9c91-3a0164fcda62,642,3000313,trendLog,,EBU1.3RD-FLR.RM-3507.VAV-3507-1.SUPFLOW-FEEDBACK.Trend - Present Value,NAE-142/FC-1.AH15-SAV-006.SUPFLOW-FEEDBACK.Trend1,
urn:uuid:0043e207-6c61-4348-9411-72c18bcb48ee,642,3000314,trendLog,,EBU1.3RD-FLR.RM-3507.VAV-3507-1.EXHFLOW-FEEDBACK.Trend - Present Value,NAE-142/FC-1.AH15-SAV-006.EXHFLOW-FEEDBACK.Trend1,
urn:uuid:b97e7b31-cbe1-4963-a168-99c7cc74423d,642,3000315,trendLog,,EBU1.3RD-FLR.RM-3706.VAV-3706-1.ZN-T.Trend - Present Value,NAE-142/FC-1.AH15-SAV-007.ZN-T.Trend1,
urn:uuid:1301591e-704b-45d4-8f70-9e4a74ce0dac,642,3000316,trendLog,,EBU1.3RD-FLR.RM-3706.VAV-3706-1.ACTCLG-STPT.Trend - Present Value,NAE-142/FC-1.AH15-SAV-007.ACTCLG-STPT.Trend1,
urn:uuid:c1298a12-c6e5-4ab9-a0bb-8ec5db4445f0,642,3000317,trendLog,,EBU1.3RD-FLR.RM-3706.VAV-3706-1.ACTHTG-STPT.Trend - Present Value,NAE-142/FC-1.AH15-SAV-007.ACTHTG-STPT.Trend1,
urn:uuid:b5b568fc-264d-45dd-a47d-1686d9c838f1,642,3000318,trendLog,,EBU1.3RD-FLR.RM-3706.VAV-3706-1.HTGVLV-CMD.Trend - Present Value,NAE-142/FC-1.AH15-SAV-007.HTGVLV-CMD.Trend1,
urn:uuid:5323c8e3-4240-4bd2-b082-614315789277,642,3000319,trendLog,,EBU1.3RD-FLR.RM-3706.VAV-3706-1.CLG-DMD.Trend - Present Value,NAE-142/FC-1.AH15-SAV-007.CLG-DMD.Trend1,
urn:uuid:32d5e364-564f-45a6-ada0-74a29a1d50a8,642,3000320,trendLog,,EBU1.3RD-FLR.RM-3706.VAV-3706-1.OCC-CMD.Trend - Present Value,NAE-142/FC-1.AH15-SAV-007.OCC-CMD.Trend1,
urn:uuid:bdc0bd28-2ba1-4e39-9fc0-4518c2a0ae4e,642,3000321,trendLog,,EBU1.3RD-FLR.RM-3706.VAV-3706-1.OCC-STS.Trend - Present Value,NAE-142/FC-1.AH15-SAV-007.OCC-STS.Trend1,
urn:uuid:347adf67-838c-4e85-9553-c7bf64457901,642,3000322,trendLog,,EBU1.3RD-FLR.RM-3706.VAV-3706-1.SUPFLOW-FEEDBACK.Trend - Present Value,NAE-142/FC-1.AH15-SAV-007.SUPFLOW-FEEDBACK.Trend1,
urn:uuid:799f27fb-d9fa-4c5d-a9f6-cf64f6d18424,642,3000323,trendLog,,EBU1.3RD-FLR.RM-3706.VAV-3706-1.EXHFLOW-FEEDBACK.Trend - Present Value,NAE-142/FC-1.AH15-SAV-007.EXHFLOW-FEEDBACK.Trend1,
urn:uuid:38c39ceb-d2d4-442e-bec8-6aeabdecdfde,642,3000324,trendLog,,EBU1.3RD-FLR.RM-3706.VAV-3706-1EX.EXHFLOW-FEEDBACK.Trend - Present Value,NAE-142/FC-1.EF5-EAV-008.EXHFLOW-FEEDBACK.Trend1,
urn:uuid:9e4af569-466c-42f0-9d0a-99da0f655e92,642,3000325,trendLog,,EBU1.3RD-FLR.RM-3509.VAV-3509-1.ZN-T.Trend - Present Value,NAE-142/FC-1.AH15-SAV-009.ZN-T.Trend1,
urn:uuid:356c4aa8-0638-4eda-a1ec-086e7a3aa70c,642,3000326,trendLog,,EBU1.3RD-FLR.RM-3509.VAV-3509-1.ACTCLG-STPT.Trend - Present Value,NAE-142/FC-1.AH15-SAV-009.ACTCLG-STPT.Trend1,
urn:uuid:f1ff107e-b113-46c7-9e88-68a98886c526,642,3000327,trendLog,,EBU1.3RD-FLR.RM-3509.VAV-3509-1.ACTHTG-STPT.Trend - Present Value,NAE-142/FC-1.AH15-SAV-009.ACTHTG-STPT.Trend1,
urn:uuid:7c464787-06a0-4efb-af2e-491ea5d41b7a,642,3000328,trendLog,,EBU1.3RD-FLR.RM-3509.VAV-3509-1.HTGVLV-CMD.Trend - Present Value,NAE-142/FC-1.AH15-SAV-009.HTGVLV-CMD.Trend1,
urn:uuid:260accb5-c0c4-4939-b51f-3cd6645d2af2,642,3000329,trendLog,,EBU1.3RD-FLR.RM-3509.VAV-3509-1.CLG-DMD.Trend - Present Value,NAE-142/FC-1.AH15-SAV-009.CLG-DMD.Trend1,
urn:uuid:cb7ce53a-0a7a-40f7-a836-3a9226f718da,642,3000330,trendLog,,EBU1.3RD-FLR.RM-3509.VAV-3509-1.OCC-CMD.Trend - Present Value,NAE-142/FC-1.AH15-SAV-009.OCC-CMD.Trend1,
urn:uuid:a5d9a5a9-f25a-46ca-a730-fc224de7aeef,642,3000331,trendLog,,EBU1.3RD-FLR.RM-3509.VAV-3509-1.OCC-STS.Trend - Present Value,NAE-142/FC-1.AH15-SAV-009.OCC-STS.Trend1,
urn:uuid:6097ed4f-5404-4f58-b6a5-beadda0bf7eb,642,3000332,trendLog,,EBU1.3RD-FLR.RM-3509.VAV-3509-1.SUPFLOW-FEEDBACK.Trend - Present Value,NAE-142/FC-1.AH15-SAV-009.SUPFLOW-FEEDBACK.Trend1,
urn:uuid:e70cec78-4fcf-4fa9-8d87-ef5f67682cce,642,3000333,trendLog,,EBU1.3RD-FLR.RM-3509.VAV-3509-1.EXHFLOW-FEEDBACK.Trend - Present Value,NAE-142/FC-1.AH15-SAV-009.EXHFLOW-FEEDBACK.Trend1,
urn:uuid:17b7cc7e-b829-4592-b9c7-eda52a243c3a,642,3000334,trendLog,,EBU1.3RD-FLR.RM-3509.VAV-3509-1EX.EXHFLOW-FEEDBACK.Trend - Present Value,NAE-142/FC-1.EF5-EAV-010.EXHFLOW-FEEDBACK.Trend1,
urn:uuid:7633ef7c-625f-4ef8-b8eb-12b42f8eb044,642,3000342,trendLog,,EBU1.3RD-FLR.RM-3990.VAV-3990-1.SUPFLOW-FEEDBACK.Trend - Present Value,NAE-142/FC-1.AH15-SAV-011.SUPFLOW-FEEDBACK.Trend1,
urn:uuid:0dd9c2d9-7d32-4c6f-9d51-58f698cd499c,642,3000344,trendLog,,EBU1.3RD-FLR.RM-3710.VAV-3710-1.ZN-T.Trend - Present Value,NAE-142/FC-1.AH15-FEC-012.ZN-T.Trend1,
urn:uuid:b492f874-906a-45a9-a558-04838c7eeba1,642,3000345,trendLog,,EBU1.3RD-FLR.RM-3710.VAV-3710-1.COM-STPT.Trend - Present Value,NAE-142/FC-1.AH15-FEC-012.COM-STPT.Trend1,
urn:uuid:ef82ad71-73a2-4d22-b631-4aebfe0449b3,642,3000346,trendLog,,EBU1.3RD-FLR.RM-3710.VAV-3710-1.ACTCLG-STPT.Trend - Present Value,NAE-142/FC-1.AH15-FEC-012.ACTCLG-STPT.Trend1,
urn:uuid:1072d1bc-4c1e-4966-a024-a69777bfb26e,642,3000347,trendLog,,EBU1.3RD-FLR.RM-3710.VAV-3710-1.ACTHTG-STPT.Trend - Present Value,NAE-142/FC-1.AH15-FEC-012.ACTHTG-STPT.Trend1,
urn:uuid:fb12f9e5-4118-46c4-a4be-ed1d1229765a,642,3000348,trendLog,,EBU1.3RD-FLR.RM-3710.VAV-3710-1.CLG-CMD.Trend - Present Value,NAE-142/FC-1.AH15-FEC-012.CLG-CMD.Trend1,
urn:uuid:15694192-38f4-4ca4-8115-3894d496380f,642,3000349,trendLog,,EBU1.3RD-FLR.RM-3710.VAV-3710-1.HTGVLV-CMD.Trend - Present Value,NAE-142/FC-1.AH15-FEC-012.HTGVLV-CMD.Trend1,
urn:uuid:3ce8b10a-230f-46a8-83ea-64b6e3d3d43b,642,3000350,trendLog,,EBU1.3RD-FLR.RM-3710.VAV-3710-1.SA-FLOW.Trend - Present Value,NAE-142/FC-1.AH15-FEC-012.SA-FLOW.Trend1,
urn:uuid:3132a9ed-b967-48ed-b5cc-a9a7e19a5ef6,642,3000351,trendLog,,EBU1.3RD-FLR.RM-3710.VAV-3710-1.EA-FLOW.Trend - Present Value,NAE-142/FC-1.AH15-FEC-012.EA-FLOW.Trend1,
urn:uuid:1f7444d7-cdb7-4d98-ad7b-8a72759931ad,642,3000352,trendLog,,EBU1.3RD-FLR.RM-3710.VAV-3710-1.SAFLOW-STPT.Trend - Present Value,NAE-142/FC-1.AH15-FEC-012.SAFLOW-STPT.Trend1,
urn:uuid:09e0fa69-c080-451d-b563-d76ea0442cf6,642,3000353,trendLog,,EBU1.3RD-FLR.RM-3710.VAV-3710-1.OCC-SENS.Trend - Present Value,NAE-142/FC-1.AH15-FEC-012.OCC-SENS.Trend1,
urn:uuid:cfb7707d-6b8b-48aa-ad5d-5df417a901a9,642,3000354,trendLog,,EBU1.3RD-FLR.RM-3710.VAV-3710-1.OCC-CMD.Trend - Present Value,NAE-142/FC-1.AH15-FEC-012.OCC-CMD.Trend1,
urn:uuid:9d713765-63f3-4c0c-a35d-afa93aac5de9,642,3000355,trendLog,,EBU1.3RD-FLR.RM-3710.VAV-3710-1.OCC-STS.Trend - Present Value,NAE-142/FC-1.AH15-FEC-012.OCC-STS.Trend1,
urn:uuid:62c8ffae-da98-4300-ae6c-00025a261318,642,3000366,trendLog,,EBU1.3RD-FLR.RM-3501.VAV-3501-1.SUPFLOW-FEEDBACK.Trend - Present Value,NAE-142/FC-1.AH15-SAV-013.SUPFLOW-FEEDBACK.Trend1,
urn:uuid:f96a7e80-ee3e-4805-88e4-6d542cd1794e,642,3000368,trendLog,,EBU1.3RD-FLR.RM-3513.VAV-3513-1.ZN-T.Trend - Present Value,NAE-142/FC-1.AH15-SAV-014.ZN-T.Trend1,
urn:uuid:04e7958d-cb9f-44de-b3b8-6cfe7c4f1c4a,642,3000369,trendLog,,EBU1.3RD-FLR.RM-3513.VAV-3513-1.ACTCLG-STPT.Trend - Present Value,NAE-142/FC-1.AH15-SAV-014.ACTCLG-STPT.Trend1,
urn:uuid:cc82a8c2-c00e-42c8-88b0-4ff96e56dd00,642,3000370,trendLog,,EBU1.3RD-FLR.RM-3513.VAV-3513-1.ACTHTG-STPT.Trend - Present Value,NAE-142/FC-1.AH15-SAV-014.ACTHTG-STPT.Trend1,
urn:uuid:af036dd1-766c-46e0-a4bc-dc27b5a640ac,642,3000371,trendLog,,EBU1.3RD-FLR.RM-3513.VAV-3513-1.HTGVLV-CMD.Trend - Present Value,NAE-142/FC-1.AH15-SAV-014.HTGVLV-CMD.Trend1,
urn:uuid:7e317e93-b219-40bc-862a-3734d390e6e7,642,3000372,trendLog,,EBU1.3RD-FLR.RM-3513.VAV-3513-1.CLG-DMD.Trend - Present Value,NAE-142/FC-1.AH15-SAV-014.CLG-DMD.Trend1,
urn:uuid:0b9ab5ea-7677-4a7e-bae8-9f01fa6d115e,642,3000373,trendLog,,EBU1.3RD-FLR.RM-3513.VAV-3513-1.OCC-CMD.Trend - Present Value,NAE-142/FC-1.AH15-SAV-014.OCC-CMD.Trend1,
urn:uuid:6952d5f6-29b8-4e5f-a262-7fc53309f587,642,3000374,trendLog,,EBU1.3RD-FLR.RM-3513.VAV-3513-1.OCC-STS.Trend - Present Value,NAE-142/FC-1.AH15-SAV-014.OCC-STS.Trend1,
urn:uuid:ec19c040-f575-4450-bf4a-e290801823c6,642,3000375,trendLog,,EBU1.3RD-FLR.RM-3513.VAV-3513-1.SUPFLOW-FEEDBACK.Trend - Present Value,NAE-142/FC-1.AH15-SAV-014.SUPFLOW-FEEDBACK.Trend1,
urn:uuid:33fbe335-86ec-48cb-81ae-c6f436dbef9a,642,3000376,trendLog,,EBU1.3RD-FLR.RM-3513.VAV-3513-1.EXHFLOW-FEEDBACK.Trend - Present Value,NAE-142/FC-1.AH15-SAV-014.EXHFLOW-FEEDBACK.Trend1,
urn:uuid:9dffc78f-38bc-43b5-b6b0-fc695d3d4c67,642,3000377,trendLog,,EBU1.3RD-FLR.RM-3704.VAV-3704-1EX.EXHFLOW-FEEDBACK.Trend - Present Value,NAE-142/FC-1.EF5-EAV-015.EXHFLOW-FEEDBACK.Trend1,
urn:uuid:7a25a250-3783-4d82-98f5-8806da047817,642,3000378,trendLog,,EBU1.3RD-FLR.RM-3710.VAV-3710-1EX.EXHFLOW-FEEDBACK.Trend - Present Value,NAE-142/FC-1.EF5-EAV-016.EXHFLOW-FEEDBACK.Trend1,
urn:uuid:5d4258d1-3091-476e-8773-a2b03a7ac374,642,3000379,trendLog,,EBU1.3RD-FLR.RM-3705.VAV-3705-1.ZN-T.Trend - Present Value,NAE-142/FC-2.AH15-SAV-006.ZN-T.Trend1,
urn:uuid:7a4917c1-9365-49ee-b80d-b33be493ef94,642,3000380,trendLog,,EBU1.3RD-FLR.RM-3705.VAV-3705-1.ACTCLG-STPT.Trend - Present Value,NAE-142/FC-2.AH15-SAV-006.ACTCLG-STPT.Trend1,
urn:uuid:3626a7b7-d0b9-40a4-bba0-31ee99ef4b5a,642,3000381,trendLog,,EBU1.3RD-FLR.RM-3705.VAV-3705-1.ACTHTG-STPT.Trend - Present Value,NAE-142/FC-2.AH15-SAV-006.ACTHTG-STPT.Trend1,
urn:uuid:c8b3cd6f-319e-4713-a6b6-39c0608201fc,642,3000382,trendLog,,EBU1.3RD-FLR.RM-3705.VAV-3705-1.HTGVLV-CMD.Trend - Present Value,NAE-142/FC-2.AH15-SAV-006.HTGVLV-CMD.Trend1,
urn:uuid:b8e2d860-5828-4c60-80a4-210e82ab718c,642,3000383,trendLog,,EBU1.3RD-FLR.RM-3705.VAV-3705-1.CLG-DMD.Trend - Present Value,NAE-142/FC-2.AH15-SAV-006.CLG-DMD.Trend1,
urn:uuid:77195f74-46a5-4154-934d-d8703ebad611,642,3000384,trendLog,,EBU1.3RD-FLR.RM-3705.VAV-3705-1.OCC-CMD.Trend - Present Value,NAE-142/FC-2.AH15-SAV-006.OCC-CMD.Trend1,
urn:uuid:51761f53-a24e-4793-a0b1-4167e412cb01,642,3000385,trendLog,,EBU1.3RD-FLR.RM-3705.VAV-3705-1.OCC-STS.Trend - Present Value,NAE-142/FC-2.AH15-SAV-006.OCC-STS.Trend1,
urn:uuid:ba67d8f8-00d8-45d0-8ecf-ec1c7b1e105a,642,3000386,trendLog,,EBU1.3RD-FLR.RM-3705.VAV-3705-1.SUPFLOW-FEEDBACK.Trend - Present Value,NAE-142/FC-2.AH15-SAV-006.SUPFLOW-FEEDBACK.Trend1,
urn:uuid:2053c2ed-82b9-4cbe-87a1-73242e9d2a56,642,3000387,trendLog,,EBU1.3RD-FLR.RM-3705.VAV-3705-1.EXHFLOW-FEEDBACK.Trend - Present Value,NAE-142/FC-2.AH15-SAV-006.EXHFLOW-FEEDBACK.Trend1,
urn:uuid:b60e064c-3838-45fc-9f50-feae5dac4d7e,642,3000388,trendLog,,EBU1.3RD-FLR.RM-3703.VAV-3703-1.ZN-T.Trend - Present Value,NAE-142/FC-2.AH15-FEC-007.ZN-T.Trend1,
urn:uuid:b96f471c-464c-4edf-b194-1424c4cb120d,642,3000389,trendLog,,EBU1.3RD-FLR.RM-3703.VAV-3703-1.COM-STPT.Trend - Present Value,NAE-142/FC-2.AH15-FEC-007.COM-STPT.Trend1,
urn:uuid:f6309f05-1a39-4bd9-ad90-32b223ca5958,642,3000390,trendLog,,EBU1.3RD-FLR.RM-3703.VAV-3703-1.ACTCLG-STPT.Trend - Present Value,NAE-142/FC-2.AH15-FEC-007.ACTCLG-STPT.Trend1,
urn:uuid:13bee5d2-759d-4ada-a397-204f068a7464,642,3000391,trendLog,,EBU1.3RD-FLR.RM-3703.VAV-3703-1.ACTHTG-STPT.Trend - Present Value,NAE-142/FC-2.AH15-FEC-007.ACTHTG-STPT.Trend1,
urn:uuid:8cc4ee3a-8dc2-44e0-af22-ec522af1e9f5,642,3000392,trendLog,,EBU1.3RD-FLR.RM-3703.VAV-3703-1.CLG-CMD.Trend - Present Value,NAE-142/FC-2.AH15-FEC-007.CLG-CMD.Trend1,
urn:uuid:3cf69c70-1e4f-4a5c-992c-b4c3be7debe7,642,3000393,trendLog,,EBU1.3RD-FLR.RM-3703.VAV-3703-1.HTGVLV-CMD.Trend - Present Value,NAE-142/FC-2.AH15-FEC-007.HTGVLV-CMD.Trend1,
urn:uuid:75047a3f-fdae-40f6-b915-1bca9b92725d,642,3000394,trendLog,,EBU1.3RD-FLR.RM-3703.VAV-3703-1.SA-FLOW.Trend - Present Value,NAE-142/FC-2.AH15-FEC-007.SA-FLOW.Trend1,
urn:uuid:9cd0eab2-74c6-40a1-8dbe-592b5ee32b7d,642,3000395,trendLog,,EBU1.3RD-FLR.RM-3703.VAV-3703-1.EA-FLOW.Trend - Present Value,NAE-142/FC-2.AH15-FEC-007.EA-FLOW.Trend1,
urn:uuid:8b992ecf-b457-4baa-8bf3-9b1d3da0dd94,642,3000396,trendLog,,EBU1.3RD-FLR.RM-3703.VAV-3703-1.SAFLOW-STPT.Trend - Present Value,NAE-142/FC-2.AH15-FEC-007.SAFLOW-STPT.Trend1,
urn:uuid:aa9e1174-96e1-446a-b249-b09a3a0ac7a4,642,3000397,trendLog,,EBU1.3RD-FLR.RM-3703.VAV-3703-1.OCC-SENS.Trend - Present Value,NAE-142/FC-2.AH15-FEC-007.OCC-SENS.Trend1,
urn:uuid:bb4b151d-0214-4752-94c6-7773765269ee,642,3000398,trendLog,,EBU1.3RD-FLR.RM-3703.VAV-3703-1.OCC-CMD.Trend - Present Value,NAE-142/FC-2.AH15-FEC-007.OCC-CMD.Trend1,
urn:uuid:dd260790-18a7-4365-b5db-13934a52ef25,642,3000399,trendLog,,EBU1.3RD-FLR.RM-3703.VAV-3703-1.OCC-STS.Trend - Present Value,NAE-142/FC-2.AH15-FEC-007.OCC-STS.Trend1,
urn:uuid:8a1c7ac4-1b4b-4aee-9aa0-133ee561306d,642,3000403,trendLog,,EBU1.3RD-FLR.RM-3701.VAV-3701-1EX.EXHFLOW-FEEDBACK.Trend - Present Value,NAE-142/FC-2.AH5-EAV-008.EXHFLOW-FEEDBACK.Trend1,
urn:uuid:cd183976-729f-4731-bcf4-50f619563a98,642,3000404,trendLog,,EBU1.3RD-FLR.RM-3902.VAV-3902-1.1.ZN-T.Trend - Present Value,NAE-142/FC-2.AH15-SAV-009.ZN-T.Trend1,
urn:uuid:5ab4d7e9-20e5-4bdc-9f72-f43e905617a2,642,3000405,trendLog,,EBU1.3RD-FLR.RM-3902.VAV-3902-1.1.ACTCLG-STPT.Trend - Present Value,NAE-142/FC-2.AH15-SAV-009.ACTCLG-STPT.Trend1,
urn:uuid:3212a240-3931-4dad-9619-7053292560db,642,3000406,trendLog,,EBU1.3RD-FLR.RM-3902.VAV-3902-1.1.ACTHTG-STPT.Trend - Present Value,NAE-142/FC-2.AH15-SAV-009.ACTHTG-STPT.Trend1,
urn:uuid:026563ea-9a23-440e-83ca-da5a025c787f,642,3000407,trendLog,,EBU1.3RD-FLR.RM-3902.VAV-3902-1.1.HTGVLV-CMD.Trend - Present Value,NAE-142/FC-2.AH15-SAV-009.HTGVLV-CMD.Trend1,
urn:uuid:cc584c45-a307-4b47-97a4-17b644bc5fc3,642,3000408,trendLog,,EBU1.3RD-FLR.RM-3902.VAV-3902-1.1.CLG-DMD.Trend - Present Value,NAE-142/FC-2.AH15-SAV-009.CLG-DMD.Trend1,
urn:uuid:642e5a15-414e-4ddf-b5c7-2953ed2e5517,642,3000409,trendLog,,EBU1.3RD-FLR.RM-3902.VAV-3902-1.1.OCC-CMD.Trend - Present Value,NAE-142/FC-2.AH15-SAV-009.OCC-CMD.Trend1,
urn:uuid:8247e56d-3cd6-4fb1-8e56-06a2ad8f8f16,642,3000410,trendLog,,EBU1.3RD-FLR.RM-3902.VAV-3902-1.1.OCC-STS.Trend - Present Value,NAE-142/FC-2.AH15-SAV-009.OCC-STS.Trend1,
urn:uuid:a695162d-3706-4916-ab9a-4c1904260b49,642,3000411,trendLog,,EBU1.3RD-FLR.RM-3902.VAV-3902-1.1.SUPFLOW-FEEDBACK.Trend - Present Value,NAE-142/FC-2.AH15-SAV-009.SUPFLOW-FEEDBACK.Trend1,
urn:uuid:068f8d9b-9047-4702-83c5-40f0fd5c9560,642,3000412,trendLog,,EBU1.3RD-FLR.RM-3902.VAV-3902-1.1.EXHFLOW-FEEDBACK.Trend - Present Value,NAE-142/FC-2.AH15-SAV-009.EXHFLOW-FEEDBACK.Trend1,
urn:uuid:7f840719-2488-4afb-b6ef-f738ac59b3ed,642,3000420,trendLog,,EBU1.3RD-FLR.RM-3902.VAV-3902-1.2.SUPFLOW-FEEDBACK.Trend - Present Value,NAE-142/FC-2.AH15-SAV-010.SUPFLOW-FEEDBACK.Trend1,
urn:uuid:671b76d6-166d-4b12-aec3-26b63c764e2a,642,3000421,trendLog,,EBU1.3RD-FLR.RM-3902.VAV-3902-1.2.EXHFLOW-FEEDBACK.Trend - Present Value,NAE-142/FC-2.AH15-SAV-010.EXHFLOW-FEEDBACK.Trend1,
urn:uuid:26bcd3ae-5e74-46a1-9e3c-668a764ca73d,642,3000422,trendLog,,EBU1.3RD-FLR.RM-3703.VAV-3703-1EX.EXHFLOW-FEEDBACK.Trend - Present Value,NAE-142/FC-2.EF5-EAV-011.EXHFLOW-FEEDBACK.Trend1,
urn:uuid:497abb87-3b31-440f-b36a-a8572bfe984b,642,3000426,trendLog,,EBU1.3RD-FLR.RM-3702.VAV-3702-1.SUPFLOW-COMMAND.Trend - Present Value,NAE-142/FC-1.AH15-SAV-004.SUPFLOW-COMMAND.Trend1,
urn:uuid:5126357b-8b64-4d95-8687-b5489d89fec6,642,3000427,trendLog,,EBU1.3RD-FLR.RM-3702.VAV-3702-1.EXHFLOW-COMMAND.Trend - Present Value,NAE-142/FC-1.AH15-SAV-004.EXHFLOW-COMMAND.Trend1,
urn:uuid:7ccc9917-09e6-41a4-9253-af39e82a5ed6,642,3000428,trendLog,,EBU1.3RD-FLR.RM-3507.VAV-3507-1.SUPFLOW-COMMAND.Trend - Present Value,NAE-142/FC-1.AH15-SAV-006.SUPFLOW-COMMAND.Trend1,
urn:uuid:10fcb98c-c61a-4d71-b4da-e8d184c30336,642,3000429,trendLog,,EBU1.3RD-FLR.RM-3507.VAV-3507-1.EXHFLOW-COMMAND.Trend - Present Value,NAE-142/FC-1.AH15-SAV-006.EXHFLOW-COMMAND.Trend1,
urn:uuid:f6734d11-f457-47f4-b42e-518756c58978,642,3000430,trendLog,,EBU1.3RD-FLR.RM-3706.VAV-3706-1.SUPFLOW-COMMAND.Trend - Present Value,NAE-142/FC-1.AH15-SAV-007.SUPFLOW-COMMAND.Trend1,
urn:uuid:f044452b-fa64-4aa0-9c3f-4d793c6b2c72,642,3000431,trendLog,,EBU1.3RD-FLR.RM-3706.VAV-3706-1.EXHFLOW-COMMAND.Trend - Present Value,NAE-142/FC-1.AH15-SAV-007.EXHFLOW-COMMAND.Trend1,
urn:uuid:0409b8e6-5bdf-48bd-a1d6-8a62ce3e974e,642,3000432,trendLog,,EBU1.3RD-FLR.RM-3706.VAV-3706-1EX.EXHFLOW-COMMAND.Trend - Present Value,NAE-142/FC-1.EF5-EAV-008.EXHFLOW-COMMAND.Trend1,
urn:uuid:a1378441-4f31-4432-acd7-87d9b27b0caa,642,3000433,trendLog,,EBU1.3RD-FLR.RM-3509.VAV-3509-1.SUPFLOW-COMMAND.Trend - Present Value,NAE-142/FC-1.AH15-SAV-009.SUPFLOW-COMMAND.Trend1,
urn:uuid:4658f148-8cc2-49b6-b06b-045b46d3dcaa,642,3000434,trendLog,,EBU1.3RD-FLR.RM-3509.VAV-3509-1.EXHFLOW-COMMAND.Trend - Present Value,NAE-142/FC-1.AH15-SAV-009.EXHFLOW-COMMAND.Trend1,
urn:uuid:0a92668a-93c9-40c6-a88c-e0a5c811ddac,642,3000435,trendLog,,EBU1.3RD-FLR.RM-3509.VAV-3509-1EX.EXHFLOW-COMMAND.Trend - Present Value,NAE-142/FC-1.EF5-EAV-010.EXHFLOW-COMMAND.Trend1,
urn:uuid:81bb2b43-982b-4571-8686-4a9d6b43a3ae,642,3000436,trendLog,,EBU1.3RD-FLR.RM-3990.VAV-3990-1.SUPFLOW-COMMAND.Trend - Present Value,NAE-142/FC-1.AH15-SAV-011.SUPFLOW-COMMAND.Trend1,
urn:uuid:9d30cb83-e02d-493b-902e-739127d0b766,642,3000438,trendLog,,EBU1.3RD-FLR.RM-3501.VAV-3501-1.SUPFLOW-COMMAND.Trend - Present Value,NAE-142/FC-1.AH15-SAV-013.SUPFLOW-COMMAND.Trend1,
urn:uuid:cc08d010-2087-4378-bb22-ce2f4f59821a,642,3000440,trendLog,,EBU1.3RD-FLR.RM-3513.VAV-3513-1.SUPFLOW-COMMAND.Trend - Present Value,NAE-142/FC-1.AH15-SAV-014.SUPFLOW-COMMAND.Trend1,
urn:uuid:38c9d64e-f20f-4e87-9672-8571ace6954f,642,3000441,trendLog,,EBU1.3RD-FLR.RM-3513.VAV-3513-1.EXHFLOW-COMMAND.Trend - Present Value,NAE-142/FC-1.AH15-SAV-014.EXHFLOW-COMMAND.Trend1,
urn:uuid:ad1665d3-5d71-4492-a7a2-4b65aa69b139,642,3000442,trendLog,,EBU1.3RD-FLR.RM-3704.VAV-3704-1EX.EXHFLOW-COMMAND.Trend - Present Value,NAE-142/FC-1.EF5-EAV-015.EXHFLOW-COMMAND.Trend1,
urn:uuid:5fca1988-a934-4343-ab87-240241815720,642,3000443,trendLog,,EBU1.3RD-FLR.RM-3710.VAV-3710-1EX.EXHFLOW-COMMAND.Trend - Present Value,NAE-142/FC-1.EF5-EAV-016.EXHFLOW-COMMAND.Trend1,
urn:uuid:642b3e84-653d-4bf9-8d78-1fd9e31ac2ad,642,3000444,trendLog,,EBU1.3RD-FLR.RM-3705.VAV-3705-1.SUPFLOW-COMMAND.Trend - Present Value,NAE-142/FC-2.AH15-SAV-006.SUPFLOW-COMMAND.Trend1,
urn:uuid:ba1f7a99-c6b6-4320-9858-47a58fada153,642,3000445,trendLog,,EBU1.3RD-FLR.RM-3705.VAV-3705-1.EXHFLOW-COMMAND.Trend - Present Value,NAE-142/FC-2.AH15-SAV-006.EXHFLOW-COMMAND.Trend1,
urn:uuid:c4198d0e-4ce1-4efa-8748-773d26378d37,642,3000446,trendLog,,EBU1.3RD-FLR.RM-3701.VAV-3701-1EX.EXHFLOW-COMMAND.Trend - Present Value,NAE-142/FC-2.AH5-EAV-008.EXHFLOW-COMMAND.Trend1,
urn:uuid:03339251-4060-474f-b3fc-dc3ff2784b94,642,3000447,trendLog,,EBU1.3RD-FLR.RM-3902.VAV-3902-1.1.SUPFLOW-COMMAND.Trend - Present Value,NAE-142/FC-2.AH15-SAV-009.SUPFLOW-COMMAND.Trend1,
urn:uuid:b8028bca-a390-4b54-b178-ce44461bd710,642,3000448,trendLog,,EBU1.3RD-FLR.RM-3902.VAV-3902-1.1.EXHFLOW-COMMAND.Trend - Present Value,NAE-142/FC-2.AH15-SAV-009.EXHFLOW-COMMAND.Trend1,
urn:uuid:1604c41b-d54e-4f1d-9f99-670af700dd29,642,3000449,trendLog,,EBU1.3RD-FLR.RM-3902.VAV-3902-1.2.SUPFLOW-COMMAND.Trend - Present Value,NAE-142/FC-2.AH15-SAV-010.SUPFLOW-COMMAND.Trend1,
urn:uuid:ff57a381-7c71-4d76-a11c-a55bca5e86e8,642,3000450,trendLog,,EBU1.3RD-FLR.RM-3902.VAV-3902-1.2.EXHFLOW-COMMAND.Trend - Present Value,NAE-142/FC-2.AH15-SAV-010.EXHFLOW-COMMAND.Trend1,
urn:uuid:23c76699-2507-435f-9532-6c62438cc651,642,3000451,trendLog,,EBU1.3RD-FLR.RM-3703.VAV-3703-1EX.EXHFLOW-COMMAND.Trend - Present Value,NAE-142/FC-2.EF5-EAV-011.EXHFLOW-COMMAND.Trend1,
urn:uuid:72cbe4c9-493c-406b-9cef-495fb7027c15,642,3000468,trendLog,,EBU1.3RD-FLR.RM-3810.VAV-HV15.ZN-T.Trend - Present Value,NAE-142/FC-2.HV15-TEC-004.ZN-T.Trend1,
urn:uuid:e0607085-0bbc-431e-9032-13db6feabb3d,642,3000470,trendLog,,EBU1.3RD-FLR.RM-3810.VAV-HV15.SA-T.Trend - Present Value,NAE-142/FC-2.HV15-TEC-004.SA-T.Trend1,
urn:uuid:1cc202f6-c75d-4750-b6ba-9696377ebbf7,642,3000472,trendLog,,EBU1.3RD-FLR.RM-3810.VAV-HV15.OCC-CMD.Trend - Present Value,NAE-142/FC-2.HV15-TEC-004.OCC-CMD.Trend1,
urn:uuid:81e34cd7-7dbc-41a0-b684-73ef8f78c364,642,3000474,trendLog,,EBU1.3RD-FLR.RM-3810.VAV-HV15.OCCHTG-STPT.Trend - Present Value,NAE-142/FC-2.HV15-TEC-004.OCCHTG-STPT.Trend1,
urn:uuid:80a28ed2-9dfe-4147-bf50-8e7b1ccdd37f,642,3000476,trendLog,,EBU1.3RD-FLR.RM-3810.VAV-HV15.UNOCCHTG-STPT.Trend - Present Value,NAE-142/FC-2.HV15-TEC-004.UNOCCHTG-STPT.Trend1,
urn:uuid:c74fd44f-8926-481d-86c6-01541d00784d,642,3000478,trendLog,,EBU1.3RD-FLR.RM-3810.VAV-HV15.HTGVLV-CMD.Trend - Present Value,NAE-142/FC-2.HV15-TEC-004.HTGVLV-CMD.Trend1,
urn:uuid:fdaf9044-b67b-473a-8b77-1e92effde76c,642,3000482,trendLog,,EBU1.3RD-FLR.RM-3810.VAV-HV15.SF-STS.Trend - Present Value,NAE-142/FC-2.HV15-TEC-004.SF-STS.Trend1,
urn:uuid:f4bfb392-50e0-4e10-901d-804dc002cad7,642,3000486,trendLog,,EBU1.3RD-FLR.RM-3603.VAV-HV14.ZN-T.Trend - Present Value,NAE-142/FC-2.HV14-TEC-005.ZN-T.Trend1,
urn:uuid:1b27f883-a0ca-46b7-bdf5-fba59c18b9db,642,3000488,trendLog,,EBU1.3RD-FLR.RM-3603.VAV-HV14.SA-T.Trend - Present Value,NAE-142/FC-2.HV14-TEC-005.SA-T.Trend1,
urn:uuid:dbcf625e-55fb-48d0-aeb6-1c656930b51b,642,3000490,trendLog,,EBU1.3RD-FLR.RM-3603.VAV-HV14.OCC-CMD.Trend - Present Value,NAE-142/FC-2.HV14-TEC-005.OCC-CMD.Trend1,
urn:uuid:40f1f4b7-28ee-4be5-b332-a41e4548b1f1,642,3000492,trendLog,,EBU1.3RD-FLR.RM-3603.VAV-HV14.OCCHTG-STPT.Trend - Present Value,NAE-142/FC-2.HV14-TEC-005.OCCHTG-STPT.Trend1,
urn:uuid:c7f013bf-c0da-4f8c-9a63-aee05e734877,642,3000494,trendLog,,EBU1.3RD-FLR.RM-3603.VAV-HV14.UNOCCHTG-STPT.Trend - Present Value,NAE-142/FC-2.HV14-TEC-005.UNOCCHTG-STPT.Trend1,
urn:uuid:405924bd-387c-4c85-938d-91376cb72529,642,3000496,trendLog,,EBU1.3RD-FLR.RM-3603.VAV-HV14.HTGVLV-CMD.Trend - Present Value,NAE-142/FC-2.HV14-TEC-005.HTGVLV-CMD.Trend1,
urn:uuid:17d01356-6734-411d-b761-63fcf9b67eae,642,3000500,trendLog,,EBU1.3RD-FLR.RM-3603.VAV-HV14.SF-STS.Trend - Present Value,NAE-142/FC-2.HV14-TEC-005.SF-STS.Trend1,
urn:uuid:c854e492-c869-4a12-bd4d-eb6704df7d6b,642,3000592,trendLog,,1st FLR AVG.Trend - Present Value,NAE-142/Programming.Fume Hood Sash Position.1ST FLR.1st FLR AVG.Trend1,
urn:uuid:23b7f64a-d82e-41bf-8644-c0cc4314e37b,642,3000593,trendLog,,1st FLR MAX.Trend - Present Value,NAE-142/Programming.Fume Hood Sash Position.1ST FLR.1st FLR MAX.Trend1,
urn:uuid:6ec59b9b-4125-433f-8f26-6fbb40578f87,642,3000594,trendLog,,2nd FLR AVG.Trend - Present Value,NAE-142/Programming.Fume Hood Sash Position.2ND FLR.2nd FLR AVG.Trend1,
urn:uuid:1b38afd3-166d-446c-bedb-b2f89a70b6ad,642,3000595,trendLog,,2nd FLR MAX.Trend - Present Value,NAE-142/Programming.Fume Hood Sash Position.2ND FLR.2nd FLR MAX.Trend1,
urn:uuid:0ff53bd8-a032-4681-9abb-d5005a7b478b,642,3000596,trendLog,,3rd FLR AVG.Trend - Present Value,NAE-142/Programming.Fume Hood Sash Position.3RD FLR.3rd FLR AVG.Trend1,
urn:uuid:013e7437-9556-4e49-b4e2-7b88e0de25c4,642,3000597,trendLog,,3rd FLR MAX.Trend - Present Value,NAE-142/Programming.Fume Hood Sash Position.3RD FLR.3rd FLR MAX.Trend1,
urn:uuid:4cb864f1-20a2-48a3-aa4f-d8dc50cbb929,642,3000598,trendLog,,4th FLR AVG.Trend - Present Value,NAE-142/Programming.Fume Hood Sash Position.4TH FLR.4th FLR AVG.Trend1,
urn:uuid:f71837b7-fa67-47e4-b24a-f3af6db8d2c4,642,3000599,trendLog,,4th FLR MAX.Trend - Present Value,NAE-142/Programming.Fume Hood Sash Position.4TH FLR.4th FLR MAX.Trend1,
urn:uuid:3ba476e8-26bc-4223-b97e-5db001362a56,642,3000600,trendLog,,5th FLR AVG.Trend - Present Value,NAE-142/Programming.Fume Hood Sash Position.5TH FLR.5th FLR AVG.Trend1,
urn:uuid:4e859de1-cad2-434b-b5fc-26f97c6af31c,642,3000601,trendLog,,5th FLR MAX.Trend - Present Value,NAE-142/Programming.Fume Hood Sash Position.5TH FLR.5th FLR MAX.Trend1,
urn:uuid:c581c343-9200-42ae-8e29-a56e37923cf7,642,3000602,trendLog,,TOT AVG.Trend - Present Value,NAE-142/Programming.Fume Hood Sash Position.TOT AVG.Trend1,
